profile_Root	profile_Hips	profile_Spine	profile_Chest	profile_UpperChest	profile_Neck	profile_Head	profile_LeftEye	profile_RightEye	profile_Jaw	profile_LeftShoulder	profile_LeftUpperArm	profile_LeftLowerArm	profile_LeftHand	profile_LeftThumbMetacarpal	profile_LeftThumbProximal	profile_LeftThumbDistal	profile_LeftIndexProximal	profile_LeftIndexIntermediate	profile_LeftIndexDistal	profile_LeftMiddleProximal	profile_LeftMiddleIntermediate	profile_LeftMiddleDistal	profile_LeftRingProximal	profile_LeftRingIntermediate	profile_LeftRingDistal	profile_LeftLittleProximal	profile_LeftLittleIntermediate	profile_LeftLittleDistal	profile_RightShoulder	profile_RightUpperArm	profile_RightLowerArm	profile_RightHand	profile_RightThumbMetacarpal	profile_RightThumbProximal	profile_RightThumbDistal	profile_RightIndexProximal	profile_RightIndexIntermediate	profile_RightIndexDistal	profile_RightMiddleProximal	profile_RightMiddleIntermediate	profile_RightMiddleDistal	profile_RightRingProximal	profile_RightRingIntermediate	profile_RightRingDistal	profile_RightLittleProximal	profile_RightLittleIntermediate	profile_RightLittleDistal	profile_LeftUpperLeg	profile_LeftLowerLeg	profile_LeftFoot	profile_LeftToes	profile_RightUpperLeg	profile_RightLowerLeg	profile_RightFoot	profile_RightToes	skeleton
PROFILE_BONE_UNKNOWN	Hips	Spine1	Spine2	PROFILE_BONE_UNKNOWN	Neck	Head	LeftEye	RightEye	PROFILE_BONE_UNKNOWN	LeftShoulder	LeftArm	LeftForeArm	LeftHand	LeftHandThumb1	LeftHandThumb2	LeftHandThumb3	LeftHandIndex1	LeftHandIndex2	LeftHandIndex3	LeftHandMiddle1	LeftHandMiddle2	LeftHandMiddle3	LeftHandRing1	LeftHandRing2	LeftHandRing3	LeftHandPinky1	LeftHandPinky2	LeftHandPinky3	RightShoulder	RightArm	RightForeArm	RightHand	RightHandThumb1	RightHandThumb2	RightHandThumb3	RightHandIndex1	RightHandIndex2	RightHandIndex3	RightHandMiddle1	RightHandMiddle2	RightHandMiddle3	RightHandRing1	RightHandRing2	RightHandRing3	RightHandPinky1	RightHandPinky2	RightHandPinky3	LeftUpLeg	LeftLeg	LeftFoot	LeftToeBase	RightUpLeg	RightLeg	RightFoot	RightToeBase	Hips, Spine, Spine, Chest, Neck, Head, leaf, LeftEye, RightEye, LeftShoulder, LeftUpperArm, LeftLowerArm, LeftHand, LeftThumbMetacarpal, LeftThumbProximal, LeftThumbDistal, leaf.001, LeftIndexProximal, LeftIndexIntermediate, LeftIndexDistal, leaf.002, LeftMiddleProximal, LeftMiddleIntermediate, LeftMiddleDistal, leaf.003, LeftRingProximal, LeftRingIntermediate, LeftRingDistal, leaf.004, LeftLittleProximal, LeftLittleIntermediate, LeftLittleDistal, leaf.005, RightShoulder, RightUpperArm, RightLowerArm, RightHand, RightThumbMetacarpal, RightThumbProximal, RightThumbDistal, leaf.006, RightIndexProximal, RightIndexIntermediate, RightIndexDistal, leaf.007, RightMiddleProximal, RightMiddleIntermediate, RightMiddleDistal, leaf.008, RightRingProximal, RightRingIntermediate, RightRingDistal, leaf.009, RightLittleProximal, RightLittleIntermediate, RightLittleDistal, leaf.010, LeftUpperLeg, LeftLowerLeg, LeftFoot, LeftToes, leaf.011, RightUpperLeg, RightLowerLeg, RightFoot, RightToes, leaf.012
PROFILE_BONE_UNKNOWN	Hips	Spine	Spine2	PROFILE_BONE_UNKNOWN	Neck	Head	LeftEye	RightEye	PROFILE_BONE_UNKNOWN	LeftShoulder	LeftArm	LeftForeArm	LeftHand	LeftHandThumb1	LeftHandThumb2	LeftHandThumb3	LeftHandIndex1	LeftHandIndex2	LeftHandIndex3	LeftHandMiddle1	LeftHandMiddle2	LeftHandMiddle3	LeftHandRing1	LeftHandRing2	LeftHandRing3	LeftHandPinky1	LeftHandPinky2	LeftHandPinky3	RightShoulder	RightArm	RightForeArm	RightHand	RightHandThumb1	RightHandThumb2	RightHandThumb3	RightHandIndex1	RightHandIndex2	RightHandIndex3	RightHandMiddle1	RightHandMiddle2	RightHandMiddle3	RightHandRing1	RightHandRing2	RightHandRing3	RightHandPinky1	RightHandPinky2	RightHandPinky3	LeftUpLeg	LeftLeg	LeftFoot	LeftToeBase	RightUpLeg	RightLeg	RightFoot	RightToeBase	Hips, Spine, Spine1, Chest, Neck, Head, leaf, LeftEye, RightEye, LeftShoulder, LeftUpperArm, LeftLowerArm, LeftHand, LeftThumbMetacarpal, LeftThumbProximal, LeftThumbDistal, leaf.001, LeftIndexProximal, LeftIndexIntermediate, LeftIndexDistal, leaf.002, LeftMiddleProximal, LeftMiddleIntermediate, LeftMiddleDistal, leaf.003, LeftRingProximal, LeftRingIntermediate, LeftRingDistal, leaf.004, LeftLittleProximal, LeftLittleIntermediate, LeftLittleDistal, leaf.005, RightShoulder, RightUpperArm, RightLowerArm, RightHand, RightThumbMetacarpal, RightThumbProximal, RightThumbDistal, leaf.006, RightIndexProximal, RightIndexIntermediate, RightIndexDistal, leaf.007, RightMiddleProximal, RightMiddleIntermediate, RightMiddleDistal, leaf.008, RightRingProximal, RightRingIntermediate, RightRingDistal, leaf.009, RightLittleProximal, RightLittleIntermediate, RightLittleDistal, leaf.010, LeftUpperLeg, LeftLowerLeg, LeftFoot, LeftToes, leaf.011, RightUpperLeg, RightLowerLeg, RightFoot, RightToes, leaf.012
PROFILE_BONE_UNKNOWN	Hips	Spine	Spine1	Spine3	Neck	Head	eye_L	eye_R	mouth	LeftShoulder	LeftArm	LeftForeArm	LeftHand	LeftHandThumb1	LeftHandThumb2	LeftHandThumb3	LeftHandIndex1	LeftHandIndex2	LeftHandIndex3	LeftHandMiddle1	LeftHandMiddle2	LeftHandMiddle3	LeftHandRing1	LeftHandRing2	LeftHandRing3	LeftHandPinky1	LeftHandPinky2	LeftHandPinky3	RightShoulder	RightArm	RightForeArm	RightHand	RightHandThumb1	RightHandThumb2	RightHandThumb3	RightHandIndex1	RightHandIndex2	RightHandIndex3	RightHandMiddle1	RightHandMiddle2	RightHandMiddle3	RightHandRing1	RightHandRing2	RightHandRing3	RightHandPinky1	RightHandPinky2	RightHandPinky3	LeftUpLeg	LeftLeg	LeftFoot	LeftToeBase	RightUpLeg	RightLeg	RightFoot	RightToeBase	Hips, LeftUpperLeg, LeftLowerLeg, LeftFoot, LeftToes, LeftToeEnd, RightUpperLeg, RightLowerLeg, RightFoot, RightToes, RightToeEnd, skirt_01_01, skirt_01_02, skirt_02_01, skirt_02_02, skirt_03_01, skirt_03_02, skirt_04_01, skirt_04_02, skirt_05_01, skirt_05_02, skirt_06_01, skirt_06_02, skirt_07_01, skirt_07_02, skirt_08_01, skirt_08_02, skirt_09_01, skirt_09_02, skirt_10_01, skirt_10_02, Spine, Chest, Spine2, UpperChest, LeftShoulder, LeftUpperArm, LeftLowerArm, LeftHand, LeftFingersBase, LeftIndexProximal, LeftIndexIntermediate, LeftIndexDistal, LeftHandIndex4, LeftMiddleProximal, LeftMiddleIntermediate, LeftMiddleDistal, LeftHandMiddle4, LeftLittleProximal, LeftLittleIntermediate, LeftLittleDistal, LeftHandPinky4, LeftRingProximal, LeftRingIntermediate, LeftRingDistal, LeftHandRing4, LeftThumbMetacarpal, LeftThumbProximal, LeftThumbDistal, LeftHandThumb4, Neck, Neck1, Head, LeftEye, eye_light_L, eye_light_R, RightEye, hair1_L, hair2_L, hair3_L, hair4_L, hair5_L, hair6_L, hair7_L, hair8_L, hair1_R, hair2_R, hair3_R, hair4_R, hair5_R, hair6_R, hair7_R, hair8_R, hair_01_01, hair_01_02, hair_02_01, hair_02_02, hair_03_01, hair_03_02, HeadEnd, mituami1, mituami2, mituami3, mituami4, mituami_F, Jaw, tongue01, tongue02, tongue03, ribbon_L, ribbon_R, RightShoulder, RightUpperArm, RightLowerArm, RightHand, RightFingersBase, RightIndexProximal, RightIndexIntermediate, RightIndexDistal, RightHandIndex4, RightMiddleProximal, RightMiddleIntermediate, RightMiddleDistal, RightHandMiddle4, RightLittleProximal, RightLittleIntermediate, RightLittleDistal, RightHandPinky4, RightRingProximal, RightRingIntermediate, RightRingDistal, RightHandRing4, RightThumbMetacarpal, RightThumbProximal, RightThumbDistal, RightHandThumb4, tit_L, tit_R
PROFILE_BONE_UNKNOWN	J_Bip_C_Hips	J_Bip_C_Spine	J_Bip_C_Chest	J_Bip_C_UpperChest	J_Bip_C_Neck	J_Bip_C_Head	J_Adj_L_FaceEye	J_Adj_R_FaceEye	PROFILE_BONE_UNKNOWN	J_Bip_L_Shoulder	J_Bip_L_UpperArm	J_Bip_L_LowerArm	J_Bip_L_Hand	J_Bip_L_Thumb1	J_Bip_L_Thumb2	J_Bip_L_Thumb3	J_Bip_L_Index1	J_Bip_L_Index2	J_Bip_L_Index3	J_Bip_L_Middle1	J_Bip_L_Middle2	J_Bip_L_Middle3	J_Bip_L_Ring1	J_Bip_L_Ring2	J_Bip_L_Ring3	J_Bip_L_Little1	J_Bip_L_Little2	J_Bip_L_Little3	J_Bip_R_Shoulder	J_Bip_R_UpperArm	J_Bip_R_LowerArm	J_Bip_R_Hand	J_Bip_R_Thumb1	J_Bip_R_Thumb2	J_Bip_R_Thumb3	J_Bip_R_Index1	J_Bip_R_Index2	J_Bip_R_Index3	J_Bip_R_Middle1	J_Bip_R_Middle2	J_Bip_R_Middle3	J_Bip_R_Ring1	J_Bip_R_Ring2	J_Bip_R_Ring3	J_Bip_R_Little1	J_Bip_R_Little2	J_Bip_R_Little3	J_Bip_L_UpperLeg	J_Bip_L_LowerLeg	J_Bip_L_Foot	J_Bip_L_ToeBase	J_Bip_R_UpperLeg	J_Bip_R_LowerLeg	J_Bip_R_Foot	J_Bip_R_ToeBase	Root, Hips, Spine, Chest, UpperChest, Neck, Head, LeftEye, RightEye, HairJoint-437e40b7-93b4-42b7-884a-752fdbf37477, HairJoint-4a3a7760-5abd-4a17-9b8b-41a486e93cd2, HairJoint-6c896f34-9686-4116-abb6-83245371cc4e, HairJoint-3fd3f5a0-2943-4bc5-b31d-a5083b6598c7, HairJoint-02cd63ba-df74-48e0-8200-d7141de031cd, HairJoint-0c319cff-6c90-447a-b2ee-400a7894c0ad, HairJoint-1d309561-7580-4c83-aaf6-0657e17d6576, HairJoint-9a499975-9bb1-4313-9cca-62f81b0cc2f7, HairJoint-881d6068-9130-4701-bcb9-dfb7fcedbec6, HairJoint-a1b456dc-831c-4a6d-b687-f902cbd2f9e6, HairJoint-c1cfff73-60d7-407e-8235-853102c2f516, HairJoint-83cbac10-e6b1-4748-8b74-9a2b49e30f15, HairJoint-09d56cc0-7b82-4ff9-b966-3b12dd54a977, HairJoint-7a433ef6-fd73-481b-9be4-d5df29e6f58d, HairJoint-15bf48f5-7055-4669-b080-94e07314d3c2, HairJoint-d4fc904f-f1f3-4a3f-a9f7-d58d7f762fdd, HairJoint-1414adab-4876-4c67-81df-9bd96d0995b2, HairJoint-d6d01526-27b5-4aa4-89a4-e88af5cfb062, HairJoint-49f26943-e85a-46fd-a05d-12029abeef0b, HairJoint-31b84ae0-efea-418f-bff4-b571cf73e17b, LeftShoulder, LeftUpperArm, LeftLowerArm, LeftHand, LeftIndexProximal, LeftIndexIntermediate, LeftIndexDistal, J_Bip_L_Index3_end, LeftLittleProximal, LeftLittleIntermediate, LeftLittleDistal, J_Bip_L_Little3_end, LeftMiddleProximal, LeftMiddleIntermediate, LeftMiddleDistal, J_Bip_L_Middle3_end, LeftRingProximal, LeftRingIntermediate, LeftRingDistal, J_Bip_L_Ring3_end, LeftThumbMetacarpal, LeftThumbProximal, LeftThumbDistal, J_Bip_L_Thumb3_end, RightShoulder, RightUpperArm, RightLowerArm, RightHand, RightIndexProximal, RightIndexIntermediate, RightIndexDistal, J_Bip_R_Index3_end, RightLittleProximal, RightLittleIntermediate, RightLittleDistal, J_Bip_R_Little3_end, RightMiddleProximal, RightMiddleIntermediate, RightMiddleDistal, J_Bip_R_Middle3_end, RightRingProximal, RightRingIntermediate, RightRingDistal, J_Bip_R_Ring3_end, RightThumbMetacarpal, RightThumbProximal, RightThumbDistal, J_Bip_R_Thumb3_end, LeftUpperLeg, LeftLowerLeg, J_Sec_L_CoatSkirtBack, J_Sec_L_CoatSkirtBack_end, J_Sec_L_CoatSkirtFront, J_Sec_L_CoatSkirtFront_end, J_Sec_L_CoatSkirtSide1, J_Sec_L_CoatSkirtSide2, J_Sec_L_CoatSkirtSide2_end, LeftFoot, LeftToes, J_Bip_L_ToeBase_end, RightUpperLeg, RightLowerLeg, J_Sec_R_CoatSkirtBack, J_Sec_R_CoatSkirtBack_end, J_Sec_R_CoatSkirtFront, J_Sec_R_CoatSkirtFront_end, J_Sec_R_CoatSkirtSide1, J_Sec_R_CoatSkirtSide2, J_Sec_R_CoatSkirtSide2_end, RightFoot, RightToes, J_Bip_R_ToeBase_end
PROFILE_BONE_UNKNOWN	J_Bip_C_Hips	J_Bip_C_Spine	J_Bip_C_Chest	J_Bip_C_UpperChest	J_Bip_C_Neck	J_Bip_C_Head	J_Adj_L_FaceEye	J_Adj_R_FaceEye	PROFILE_BONE_UNKNOWN	J_Bip_L_Shoulder	J_Bip_L_UpperArm	J_Bip_L_LowerArm	J_Bip_L_Hand	J_Bip_L_Thumb1	J_Bip_L_Thumb2	J_Bip_L_Thumb3	J_Bip_L_Index1	J_Bip_L_Index2	J_Bip_L_Index3	J_Bip_L_Middle1	J_Bip_L_Middle2	J_Bip_L_Middle3	J_Bip_L_Ring1	J_Bip_L_Ring2	J_Bip_L_Ring3	J_Bip_L_Little1	J_Bip_L_Little2	J_Bip_L_Little3	J_Bip_R_Shoulder	J_Bip_R_UpperArm	J_Bip_R_LowerArm	J_Bip_R_Hand	J_Bip_R_Thumb1	J_Bip_R_Thumb2	J_Bip_R_Thumb3	J_Bip_R_Index1	J_Bip_R_Index2	J_Bip_R_Index3	J_Bip_R_Middle1	J_Bip_R_Middle2	J_Bip_R_Middle3	J_Bip_R_Ring1	J_Bip_R_Ring2	J_Bip_R_Ring3	J_Bip_R_Little1	J_Bip_R_Little2	J_Bip_R_Little3	J_Bip_L_UpperLeg	J_Bip_L_LowerLeg	J_Bip_L_Foot	J_Bip_L_ToeBase	J_Bip_R_UpperLeg	J_Bip_R_LowerLeg	J_Bip_R_Foot	J_Bip_R_ToeBase	Root, Hips, Spine, Chest, UpperChest, J_Sec_L_Bust1, J_Sec_L_Bust2, J_Sec_R_Bust1, J_Sec_R_Bust2, J_Sec_C_Hood, J_Sec_C_Hood_end, J_Sec_L_HoodString1, J_Sec_L_HoodString2, J_Sec_L_HoodString2_end, J_Sec_R_HoodString1, J_Sec_R_HoodString2, J_Sec_R_HoodString2_end, Neck, Head, LeftEye, RightEye, HairJoint-d5d1d361-46ed-4466-8faa-4bd115827f20, HairJoint-6f5e8bc3-bcf6-4681-9e9f-6ccdb64829b4, HairJoint-81fd50ca-aff0-4bdf-b03a-40e4112f57fd, HairJoint-bc8615b0-3f7c-4a80-8184-d906475aa8fe, HairJoint-5d8a5c7d-7c5a-4ba9-a68d-67d0f7850910, HairJoint-1b7619a1-5ed2-4b11-ad37-5cee16440f0c, HairJoint-3619f0c9-aa66-425f-add4-6d06e04d99bb, HairJoint-f049e5c8-72ec-4f58-b0de-8e00969b338b, HairJoint-bbeef66a-bb1b-4e1e-8fe4-bcac5f008639, HairJoint-88b31c21-9b22-453c-bff4-5ed8031dd455, HairJoint-10f7ff84-3003-4008-99d5-7cae6ffc8713, HairJoint-3b45a449-b5b7-4da2-a992-a615ebd46c06, HairJoint-a8bb6f92-e750-4c19-9a19-4db4bc7d876c, HairJoint-85dbe327-2515-404b-a0b4-bd2ad74922a2, HairJoint-72ce91c1-b1a8-4e83-96e8-92ba2821d85c, HairJoint-a40a858b-b266-4e18-b499-c0cb27da6a84, HairJoint-b09f551e-f257-4574-8f45-7bf0b5b61926, HairJoint-4d09d031-7548-4c6d-9bbd-96f39a55d893, HairJoint-9f394ea9-32b9-46d0-8dcb-e3f7defaf3ce, HairJoint-8ed39142-a856-42fe-9e29-023b2d365c3e, HairJoint-ac4466da-dc3f-455c-8f69-958f2d8372eb, HairJoint-9a94fa10-95f5-4930-ba79-e3d2be16d1f3, HairJoint-0bed2c3d-3b1b-44d4-9587-81a9089df1b2, HairJoint-f6117f7a-2285-4821-9575-7800e295db7a, LeftShoulder, LeftUpperArm, LeftLowerArm, LeftHand, LeftIndexProximal, LeftIndexIntermediate, LeftIndexDistal, J_Bip_L_Index3_end, LeftLittleProximal, LeftLittleIntermediate, LeftLittleDistal, J_Bip_L_Little3_end, LeftMiddleProximal, LeftMiddleIntermediate, LeftMiddleDistal, J_Bip_L_Middle3_end, LeftRingProximal, LeftRingIntermediate, LeftRingDistal, J_Bip_L_Ring3_end, LeftThumbMetacarpal, LeftThumbProximal, LeftThumbDistal, J_Bip_L_Thumb3_end, RightShoulder, RightUpperArm, RightLowerArm, RightHand, RightIndexProximal, RightIndexIntermediate, RightIndexDistal, J_Bip_R_Index3_end, RightLittleProximal, RightLittleIntermediate, RightLittleDistal, J_Bip_R_Little3_end, RightMiddleProximal, RightMiddleIntermediate, RightMiddleDistal, J_Bip_R_Middle3_end, RightRingProximal, RightRingIntermediate, RightRingDistal, J_Bip_R_Ring3_end, RightThumbMetacarpal, RightThumbProximal, RightThumbDistal, J_Bip_R_Thumb3_end, LeftUpperLeg, LeftLowerLeg, LeftFoot, LeftToes, J_Bip_L_ToeBase_end, RightUpperLeg, RightLowerLeg, RightFoot, RightToes, J_Bip_R_ToeBase_end
PROFILE_BONE_UNKNOWN	Hips	Spine	Chest	UpperChest	Neck	Head	LeftEye	RightEye	PROFILE_BONE_UNKNOWN	LeftShoulder	LeftUpperArm	LeftLowerArm	LeftHand	LeftThumb1	LeftThumb2	LeftThumb3	LeftIndex1	LeftIndex2	LeftIndex3	LeftMiddle1	LeftMiddle2	LeftMiddle3	LeftRing1	LeftRing2	LeftRing3	LeftPinky1	LeftPinky2	LeftPinky3	RightShoulder	RightUpperArm	RightLowerArm	RightHand	RightThumb1	RightThumb2	RightThumb3	RightIndex1	RightIndex2	RightIndex3	RightMiddle1	RightMiddle2	RightMiddle3	RightRing1	RightRing2	RightRing3	RightPinky1	RightPinky2	RightPinky3	LeftUpperLeg	LeftLowerLeg	LeftFoot	LeftToes	RightUpperLeg	RightLowerLeg	RightFoot	RightToes	Hips, LeftSkirtB, LeftUpperLeg, LeftLowerLeg, LeftFoot, LeftToes, LeftSkirtF, RightSkirtB, RightUpperLeg, RightLowerLeg, RightFoot, RightToes, RightSkirtF, Spine, Chest, UpperChest, LeftBreast, LeftShoulder, LeftUpperArm, LeftLowerArm, LeftHand, LeftIndexProximal, LeftIndexIntermediate, LeftIndexDistal, LeftMiddleProximal, LeftMiddleIntermediate, LeftMiddleDistal, LeftLittleProximal, LeftLittleIntermediate, LeftLittleDistal, LeftRingProximal, LeftRingIntermediate, LeftRingDistal, LeftThumbMetacarpal, LeftThumbProximal, LeftThumbDistal, LeftLowerArmTwist01, LeftLowerArmTwist02, Neck, Head, eyebrows_L, eyebrows_R, hair_twin01.L, hair_twin02.L, hair_twin01.R, hair_twin02.R, HairBangs01, HairBangs02, LeftEye, mouth, teeth_lower, teeth_upper, tongue01, tongue02, tongue03, RightEye, RightBreast, RightShoulder, RightUpperArm, RightLowerArm, RightHand, RightIndexProximal, RightIndexIntermediate, RightIndexDistal, RightMiddleProximal, RightMiddleIntermediate, RightMiddleDistal, RightLittleProximal, RightLittleIntermediate, RightLittleDistal, RightRingProximal, RightRingIntermediate, RightRingDistal, RightThumbMetacarpal, RightThumbProximal, RightThumbDistal, RightLowerArmTwist01, RightLowerArmTwist02, Wing.L, Wing.R
PROFILE_BONE_UNKNOWN	pelvis	spine_01	spine_02	spine_03	neck_01	head	PROFILE_BONE_UNKNOWN	PROFILE_BONE_UNKNOWN	PROFILE_BONE_UNKNOWN	clavicle_l	upperarm_l	lowerarm_l	hand_l	thumb_01_l	thumb_02_l	thumb_03_l	index_01_l	index_02_l	index_03_l	middle_01_l	middle_02_l	middle_03_l	ring_01_l	ring_02_l	ring_03_l	pinky_01_l	pinky_02_l	pinky_03_l	clavicle_r	upperarm_r	lowerarm_r	hand_r	thumb_01_r	thumb_02_r	thumb_03_r	index_01_r	index_02_r	index_03_r	middle_01_r	middle_02_r	middle_03_r	ring_01_r	ring_02_r	ring_03_r	pinky_01_r	pinky_02_r	pinky_03_r	thigh_l	calf_l	foot_l	ball_l	thigh_r	calf_r	foot_r	ball_r	Root, Hips, Spine, Chest, UpperChest, LeftShoulder, LeftUpperArm, LeftLowerArm, LeftHand, LeftIndexProximal, LeftIndexIntermediate, LeftIndexDistal, LeftMiddleProximal, LeftMiddleIntermediate, LeftMiddleDistal, LeftLittleProximal, LeftLittleIntermediate, LeftLittleDistal, LeftRingProximal, LeftRingIntermediate, LeftRingDistal, LeftThumbMetacarpal, LeftThumbProximal, LeftThumbDistal, RightShoulder, RightUpperArm, RightLowerArm, RightHand, RightIndexProximal, RightIndexIntermediate, RightIndexDistal, RightMiddleProximal, RightMiddleIntermediate, RightMiddleDistal, RightLittleProximal, RightLittleIntermediate, RightLittleDistal, RightRingProximal, RightRingIntermediate, RightRingDistal, RightThumbMetacarpal, RightThumbProximal, RightThumbDistal, Neck, Head, LeftUpperLeg, LeftLowerLeg, LeftFoot, LeftToes, RightUpperLeg, RightLowerLeg, RightFoot, RightToes
PROFILE_BONE_UNKNOWN	J_Bip_C_Hips	J_Bip_C_Spine	J_Bip_C_Chest	J_Bip_C_UpperChest	J_Bip_C_Neck	J_Bip_C_Head	J_Adj_L_FaceEye	J_Adj_R_FaceEye	PROFILE_BONE_UNKNOWN	J_Bip_L_Shoulder	J_Bip_L_UpperArm	J_Bip_L_LowerArm	J_Bip_L_Hand	J_Bip_L_Thumb1	J_Bip_L_Thumb2	J_Bip_L_Thumb3	J_Bip_L_Index1	J_Bip_L_Index2	J_Bip_L_Index3	J_Bip_L_Middle1	J_Bip_L_Middle2	J_Bip_L_Middle3	J_Bip_L_Ring1	J_Bip_L_Ring2	J_Bip_L_Ring3	J_Bip_L_Little1	J_Bip_L_Little2	J_Bip_L_Little3	J_Bip_R_Shoulder	J_Bip_R_UpperArm	J_Bip_R_LowerArm	J_Bip_R_Hand	J_Bip_R_Thumb1	J_Bip_R_Thumb2	J_Bip_R_Thumb3	J_Bip_R_Index1	J_Bip_R_Index2	J_Bip_R_Index3	J_Bip_R_Middle1	J_Bip_R_Middle2	J_Bip_R_Middle3	J_Bip_R_Ring1	J_Bip_R_Ring2	J_Bip_R_Ring3	J_Bip_R_Little1	J_Bip_R_Little2	J_Bip_R_Little3	J_Bip_L_UpperLeg	J_Bip_L_LowerLeg	J_Bip_L_Foot	J_Bip_L_ToeBase	J_Bip_R_UpperLeg	J_Bip_R_LowerLeg	J_Bip_R_Foot	J_Bip_R_ToeBase	Root, Hips, J_Sec_L_SkirtSide0, J_Sec_L_SkirtSide1, J_Sec_L_SkirtSide2, J_Sec_L_SkirtSide2_end, J_Sec_R_SkirtSide0, J_Sec_R_SkirtSide1, J_Sec_R_SkirtSide2, J_Sec_R_SkirtSide2_end, Spine, Chest, UpperChest, J_Sec_L_Bust1, J_Sec_L_Bust2, J_Sec_R_Bust1, J_Sec_R_Bust2, Neck, Head, LeftEye, RightEye, HairJoint-e1d48e61-5c0e-4095-a65b-366e195b3ce7, HairJoint-b92023af-7384-481e-a80b-285ae2c7cec9, HairJoint-5d33361d-1df1-4e28-b792-582bb85e4481, HairJoint-340ad282-ed58-4f6a-98f3-84870f587001, HairJoint-c4e57d9c-0f4b-4936-a606-6095a6e2d607, HairJoint-3d53b675-7183-43ad-90db-f7b3195c151f, HairJoint-82c17918-a287-47ba-94e7-1d5e2c470ef5, HairJoint-8f30d239-ee09-43dc-b2c6-48a18d9a7a2b, HairJoint-b8980868-bb4c-489d-9402-5698593339a8, HairJoint-27407aa1-b1d2-4129-9a0f-8be583923af9, HairJoint-6ed30988-d166-4ae7-a2fb-d9d40205c30c, HairJoint-cdca1c71-39aa-4489-8c1b-43aee7f3689b, HairJoint-ccb1fd0a-2032-4ee3-89fc-f0851a4f2c88, HairJoint-74d67ae0-d299-49a5-a3c5-1b4d50458078, HairJoint-b7dfb898-2f80-4185-a41c-327300fc8a84, HairJoint-53ba4800-6a49-4f96-94df-b2c39242ba9a, HairJoint-cc0ce7bc-88d4-4405-844f-d814b7ce6739, HairJoint-cc7f8bc3-ae05-4667-8f9e-34b3f157caa8, HairJoint-4b2c3a7c-a383-421a-9289-019861a9f5fd, HairJoint-26f38273-1b30-4137-be6d-8078df9f9325, HairJoint-1993fec0-77a7-44ec-b17a-23e7fb192497, HairJoint-ade3994e-ffc2-459a-bf3a-67edcf5c2aaa, HairJoint-b337f818-d709-4e5b-9430-9af996bfc241, HairJoint-3b2f85f9-722f-4fa9-b867-8eb13db57b1b, HairJoint-cf81dae2-84ff-4a3b-8bc8-c9272feff3dc, HairJoint-3ec7abf3-2045-4154-a8dd-3ba53719b511, HairJoint-a8f15600-6261-48e8-aac3-a14b3b76a80e, HairJoint-ace20f24-bf72-47dc-a810-148257f2ec6b, HairJoint-6a70f0ab-d9b6-4d77-a985-65edcae1f77d, HairJoint-039175b9-df86-4a80-b6ec-43840a2fca21, HairJoint-7e6ad1a7-faad-4a96-b368-211f071817c2, HairJoint-8373229f-5e2f-464e-b711-049ed00674bd, LeftShoulder, LeftUpperArm, LeftLowerArm, J_Sec_L_LowerSleeve, J_Sec_L_LowerSleeve_end, J_Sec_L_TipSleeve, J_Sec_L_TipSleeve_end, LeftHand, LeftIndexProximal, LeftIndexIntermediate, LeftIndexDistal, J_Bip_L_Index3_end, LeftLittleProximal, LeftLittleIntermediate, LeftLittleDistal, J_Bip_L_Little3_end, LeftMiddleProximal, LeftMiddleIntermediate, LeftMiddleDistal, J_Bip_L_Middle3_end, LeftRingProximal, LeftRingIntermediate, LeftRingDistal, J_Bip_L_Ring3_end, LeftThumbMetacarpal, LeftThumbProximal, LeftThumbDistal, J_Bip_L_Thumb3_end, RightShoulder, RightUpperArm, RightLowerArm, J_Sec_R_LowerSleeve, J_Sec_R_LowerSleeve_end, J_Sec_R_TipSleeve, J_Sec_R_TipSleeve_end, RightHand, RightIndexProximal, RightIndexIntermediate, RightIndexDistal, J_Bip_R_Index3_end, RightLittleProximal, RightLittleIntermediate, RightLittleDistal, J_Bip_R_Little3_end, RightMiddleProximal, RightMiddleIntermediate, RightMiddleDistal, J_Bip_R_Middle3_end, RightRingProximal, RightRingIntermediate, RightRingDistal, J_Bip_R_Ring3_end, RightThumbMetacarpal, RightThumbProximal, RightThumbDistal, J_Bip_R_Thumb3_end, LeftUpperLeg, J_Sec_L_SkirtBack0, J_Sec_L_SkirtBack1, J_Sec_L_SkirtBack2, J_Sec_L_SkirtBack2_end, J_Sec_L_SkirtFront0, J_Sec_L_SkirtFront1, J_Sec_L_SkirtFront2, J_Sec_L_SkirtFront2_end, J_Sec_L_SkirtBack, J_Sec_L_SkirtBack_end, J_Sec_L_SkirtFront, J_Sec_L_SkirtFront_end, J_Sec_L_SkirtSide, J_Sec_L_SkirtSide_end, LeftLowerLeg, LeftFoot, LeftToes, J_Bip_L_ToeBase_end, RightUpperLeg, J_Sec_R_SkirtBack0, J_Sec_R_SkirtBack1, J_Sec_R_SkirtBack2, J_Sec_R_SkirtBack2_end, J_Sec_R_SkirtFront0, J_Sec_R_SkirtFront1, J_Sec_R_SkirtFront2, J_Sec_R_SkirtFront2_end, J_Sec_R_SkirtBack, J_Sec_R_SkirtBack_end, J_Sec_R_SkirtFront, J_Sec_R_SkirtFront_end, J_Sec_R_SkirtSide, J_Sec_R_SkirtSide_end, RightLowerLeg, RightFoot, RightToes, J_Bip_R_ToeBase_end
PROFILE_BONE_UNKNOWN	pelvis	spine_01	spine_02	PROFILE_BONE_UNKNOWN	neck_01	head	PROFILE_BONE_UNKNOWN	PROFILE_BONE_UNKNOWN	PROFILE_BONE_UNKNOWN	clavicle.l	upperarm.l	lowerarm.l	hand.l	thumb_01.l	thumb_02.l	thumb_03.l	index_01.l	index_02.l	index_03.l	middle_01.l	middle_02.l	middle_03.l	ring_01.l	ring_02.l	ring_03.l	PROFILE_BONE_UNKNOWN	PROFILE_BONE_UNKNOWN	PROFILE_BONE_UNKNOWN	clavicle.r	upperarm.r	lowerarm.r	hand.r	thumb_01.r	thumb_02.r	thumb_03.r	index_01.r	index_02.r	index_03.r	middle_01.r	middle_02.r	middle_03.r	ring_01.r	ring_02.r	ring_03.r	PROFILE_BONE_UNKNOWN	PROFILE_BONE_UNKNOWN	PROFILE_BONE_UNKNOWN	thigh.l	calf.l	foot.l	ball.l	thigh.r	calf.r	foot.r	ball.r	Hips, LeftUpperLeg, LeftLowerLeg, LeftFoot, LeftToes, RightUpperLeg, RightLowerLeg, RightFoot, RightToes, Spine, Chest, Neck, Head, RightShoulder, RightUpperArm, RightLowerArm, RightHand, RightThumbMetacarpal, RightThumbProximal, RightThumbDistal, RightRingProximal, RightRingIntermediate, RightRingDistal, RightMiddleProximal, RightMiddleIntermediate, RightMiddleDistal, RightIndexProximal, RightIndexIntermediate, RightIndexDistal, LeftShoulder, LeftUpperArm, LeftLowerArm, LeftHand, LeftThumbMetacarpal, LeftThumbProximal, LeftThumbDistal, LeftRingProximal, LeftRingIntermediate, LeftRingDistal, LeftMiddleProximal, LeftMiddleIntermediate, LeftMiddleDistal, LeftIndexProximal, LeftIndexIntermediate, LeftIndexDistal
PROFILE_BONE_UNKNOWN	Hips	Chest	Chest3	Chest4	Neck	Head	PROFILE_BONE_UNKNOWN	PROFILE_BONE_UNKNOWN	PROFILE_BONE_UNKNOWN	LeftCollar	LeftShoulder	LeftElbow	LeftWrist	PROFILE_BONE_UNKNOWN	PROFILE_BONE_UNKNOWN	PROFILE_BONE_UNKNOWN	PROFILE_BONE_UNKNOWN	PROFILE_BONE_UNKNOWN	PROFILE_BONE_UNKNOWN	PROFILE_BONE_UNKNOWN	PROFILE_BONE_UNKNOWN	PROFILE_BONE_UNKNOWN	PROFILE_BONE_UNKNOWN	PROFILE_BONE_UNKNOWN	PROFILE_BONE_UNKNOWN	PROFILE_BONE_UNKNOWN	PROFILE_BONE_UNKNOWN	PROFILE_BONE_UNKNOWN	RightCollar	RightShoulder	RightElbow	RightWrist	PROFILE_BONE_UNKNOWN	PROFILE_BONE_UNKNOWN	PROFILE_BONE_UNKNOWN	PROFILE_BONE_UNKNOWN	PROFILE_BONE_UNKNOWN	PROFILE_BONE_UNKNOWN	PROFILE_BONE_UNKNOWN	PROFILE_BONE_UNKNOWN	PROFILE_BONE_UNKNOWN	PROFILE_BONE_UNKNOWN	PROFILE_BONE_UNKNOWN	PROFILE_BONE_UNKNOWN	PROFILE_BONE_UNKNOWN	PROFILE_BONE_UNKNOWN	PROFILE_BONE_UNKNOWN	LeftHip	LeftKnee	LeftAnkle	LeftToe	RightHip	RightKnee	RightAnkle	RightToe	Hips, Spine, Chest2, Spine, UpperChest, Neck, Head, RightShoulder, RightUpperArm, RightLowerArm, RightHand, LeftShoulder, LeftUpperArm, LeftLowerArm, LeftHand, RightUpperLeg, RightLowerLeg, RightFoot, RightToes, LeftUpperLeg, LeftLowerLeg, LeftFoot, LeftToes
PROFILE_BONE_UNKNOWN	Hips	Chest	Chest3	Chest4	Neck	Head	PROFILE_BONE_UNKNOWN	PROFILE_BONE_UNKNOWN	PROFILE_BONE_UNKNOWN	LeftCollar	LeftShoulder	LeftElbow	LeftWrist	PROFILE_BONE_UNKNOWN	PROFILE_BONE_UNKNOWN	PROFILE_BONE_UNKNOWN	PROFILE_BONE_UNKNOWN	PROFILE_BONE_UNKNOWN	PROFILE_BONE_UNKNOWN	PROFILE_BONE_UNKNOWN	PROFILE_BONE_UNKNOWN	PROFILE_BONE_UNKNOWN	PROFILE_BONE_UNKNOWN	PROFILE_BONE_UNKNOWN	PROFILE_BONE_UNKNOWN	PROFILE_BONE_UNKNOWN	PROFILE_BONE_UNKNOWN	PROFILE_BONE_UNKNOWN	RightCollar	RightShoulder	RightElbow	RightWrist	PROFILE_BONE_UNKNOWN	PROFILE_BONE_UNKNOWN	PROFILE_BONE_UNKNOWN	PROFILE_BONE_UNKNOWN	PROFILE_BONE_UNKNOWN	PROFILE_BONE_UNKNOWN	PROFILE_BONE_UNKNOWN	PROFILE_BONE_UNKNOWN	PROFILE_BONE_UNKNOWN	PROFILE_BONE_UNKNOWN	PROFILE_BONE_UNKNOWN	PROFILE_BONE_UNKNOWN	PROFILE_BONE_UNKNOWN	PROFILE_BONE_UNKNOWN	PROFILE_BONE_UNKNOWN	LeftHip	LeftKnee	LeftAnkle	LeftToe	RightHip	RightKnee	RightAnkle	RightToe	Hips, Spine, Chest2, Spine, UpperChest, Neck, Head, RightShoulder, RightUpperArm, RightLowerArm, RightHand, LeftShoulder, LeftUpperArm, LeftLowerArm, LeftHand, RightUpperLeg, RightLowerLeg, RightFoot, RightToes, LeftUpperLeg, LeftLowerLeg, LeftFoot, LeftToes
PROFILE_BONE_UNKNOWN	Hips	Chest	Chest3	Chest4	Neck	Head	PROFILE_BONE_UNKNOWN	PROFILE_BONE_UNKNOWN	PROFILE_BONE_UNKNOWN	LeftCollar	LeftShoulder	LeftElbow	LeftWrist	PROFILE_BONE_UNKNOWN	PROFILE_BONE_UNKNOWN	PROFILE_BONE_UNKNOWN	PROFILE_BONE_UNKNOWN	PROFILE_BONE_UNKNOWN	PROFILE_BONE_UNKNOWN	PROFILE_BONE_UNKNOWN	PROFILE_BONE_UNKNOWN	PROFILE_BONE_UNKNOWN	PROFILE_BONE_UNKNOWN	PROFILE_BONE_UNKNOWN	PROFILE_BONE_UNKNOWN	PROFILE_BONE_UNKNOWN	PROFILE_BONE_UNKNOWN	PROFILE_BONE_UNKNOWN	RightCollar	RightShoulder	RightElbow	RightWrist	PROFILE_BONE_UNKNOWN	PROFILE_BONE_UNKNOWN	PROFILE_BONE_UNKNOWN	PROFILE_BONE_UNKNOWN	PROFILE_BONE_UNKNOWN	PROFILE_BONE_UNKNOWN	PROFILE_BONE_UNKNOWN	PROFILE_BONE_UNKNOWN	PROFILE_BONE_UNKNOWN	PROFILE_BONE_UNKNOWN	PROFILE_BONE_UNKNOWN	PROFILE_BONE_UNKNOWN	PROFILE_BONE_UNKNOWN	PROFILE_BONE_UNKNOWN	PROFILE_BONE_UNKNOWN	LeftHip	LeftKnee	LeftAnkle	LeftToe	RightHip	RightKnee	RightAnkle	RightToe	Hips, Spine, Chest2, Spine, UpperChest, Neck, Head, RightShoulder, RightUpperArm, RightLowerArm, RightHand, LeftShoulder, LeftUpperArm, LeftLowerArm, LeftHand, RightUpperLeg, RightLowerLeg, RightFoot, RightToes, LeftUpperLeg, LeftLowerLeg, LeftFoot, LeftToes
PROFILE_BONE_UNKNOWN	J_Bip_C_Hips	J_Bip_C_Spine	J_Bip_C_Chest	J_Bip_C_UpperChest	J_Bip_C_Neck	J_Bip_C_Head	J_Adj_L_FaceEye	J_Adj_R_FaceEye	PROFILE_BONE_UNKNOWN	J_Bip_L_Shoulder	J_Bip_L_UpperArm	J_Bip_L_LowerArm	J_Bip_L_Hand	J_Bip_L_Thumb1	J_Bip_L_Thumb2	J_Bip_L_Thumb3	J_Bip_L_Index1	J_Bip_L_Index2	J_Bip_L_Index3	J_Bip_L_Middle1	J_Bip_L_Middle2	J_Bip_L_Middle3	J_Bip_L_Ring1	J_Bip_L_Ring2	J_Bip_L_Ring3	J_Bip_L_Little1	J_Bip_L_Little2	J_Bip_L_Little3	J_Bip_R_Shoulder	J_Bip_R_UpperArm	J_Bip_R_LowerArm	J_Bip_R_Hand	J_Bip_R_Thumb1	J_Bip_R_Thumb2	J_Bip_R_Thumb3	J_Bip_R_Index1	J_Bip_R_Index2	J_Bip_R_Index3	J_Bip_R_Middle1	J_Bip_R_Middle2	J_Bip_R_Middle3	J_Bip_R_Ring1	J_Bip_R_Ring2	J_Bip_R_Ring3	J_Bip_R_Little1	J_Bip_R_Little2	J_Bip_R_Little3	J_Bip_L_UpperLeg	J_Bip_L_LowerLeg	J_Bip_L_Foot	J_Bip_L_ToeBase	J_Bip_R_UpperLeg	J_Bip_R_LowerLeg	J_Bip_R_Foot	J_Bip_R_ToeBase	Root, Hips, Spine, Chest, UpperChest, J_Sec_L_Bust1, J_Sec_L_Bust2, J_Sec_R_Bust1, J_Sec_R_Bust2, Neck, Head, LeftEye, RightEye, HairJoint-193ae742-bf8e-4c3b-bab4-14db1020c38a, HairJoint-81889231-a2ee-4c6b-a4ea-1376a525b91a, HairJoint-71d3bea8-936e-46b7-bbf0-ac35cbca6b33, HairJoint-2e1eb367-a493-473a-b079-1ea09e8a10e9, HairJoint-fefb7b38-f722-4fd8-82f7-98e0133e6e74, HairJoint-9eff91cf-4b9e-4e5f-a944-b881c4aae8a1, HairJoint-f5892292-f1c7-4cec-9c02-8c9f5a648e69, HairJoint-df869703-9067-40af-a04b-34d2ff7b6017, HairJoint-509aba1d-4620-49cf-ba56-bacbc711ffc2, HairJoint-497a97b7-0bdc-4267-b035-69f3756b7131, HairJoint-3b3816bb-29a0-4f71-a43b-955cd9f77fee, HairJoint-2c9f9ccd-a729-449c-9945-f99b7a781577, HairJoint-8daa5675-3620-4197-8744-f48b5364df36, HairJoint-a57a6151-f362-4e00-aafb-7116578480fd, HairJoint-20671758-16d4-4b58-9303-020920879824, HairJoint-9ff7840e-660c-434e-8761-a5798405dab5, HairJoint-8163ab8d-a4f2-4e23-b0be-3ea3d4ba2a3f, HairJoint-81e734fc-fa93-4571-87e7-5d2be7927890, HairJoint-be824cfb-eafa-4b9f-a270-53e2daf72a91, HairJoint-83cbbff6-f946-4a52-8b6f-4bae150ab168, HairJoint-178b78b8-f8b4-4364-af7c-a9293b96d506, HairJoint-d7688830-ec90-43c3-b766-d11981e0e47c, HairJoint-94ebb861-205f-4516-b7ff-6d6a4befc007, HairJoint-fc837eac-66ed-4c66-9e4d-a200ce6de65f, HairJoint-4c07a30a-a27b-4096-87f0-8f637641d9ff, HairJoint-d9f96b9e-b7fc-49d9-8b17-5e7d976d6e7a, HairJoint-26a3f6e6-6037-434c-b632-d4a7ee41eaf3, HairJoint-c9a1b8a5-837f-4da7-8312-8269082742d7, HairJoint-657f1584-c779-4ae9-b57d-5930319d77a4, HairJoint-48a7d468-0b6e-4433-a606-d6a9d8605c20, LeftShoulder, LeftUpperArm, LeftLowerArm, LeftHand, LeftIndexProximal, LeftIndexIntermediate, LeftIndexDistal, J_Bip_L_Index3_end, LeftLittleProximal, LeftLittleIntermediate, LeftLittleDistal, J_Bip_L_Little3_end, LeftMiddleProximal, LeftMiddleIntermediate, LeftMiddleDistal, J_Bip_L_Middle3_end, LeftRingProximal, LeftRingIntermediate, LeftRingDistal, J_Bip_L_Ring3_end, LeftThumbMetacarpal, LeftThumbProximal, LeftThumbDistal, J_Bip_L_Thumb3_end, RightShoulder, RightUpperArm, RightLowerArm, RightHand, RightIndexProximal, RightIndexIntermediate, RightIndexDistal, J_Bip_R_Index3_end, RightLittleProximal, RightLittleIntermediate, RightLittleDistal, J_Bip_R_Little3_end, RightMiddleProximal, RightMiddleIntermediate, RightMiddleDistal, J_Bip_R_Middle3_end, RightRingProximal, RightRingIntermediate, RightRingDistal, J_Bip_R_Ring3_end, RightThumbMetacarpal, RightThumbProximal, RightThumbDistal, J_Bip_R_Thumb3_end, LeftUpperLeg, J_Sec_L_SkirtBack, J_Sec_L_SkirtBack_end, J_Sec_L_SkirtFront, J_Sec_L_SkirtFront_end, J_Sec_L_SkirtSide, J_Sec_L_SkirtSide_end, LeftLowerLeg, LeftFoot, LeftToes, J_Bip_L_ToeBase_end, RightUpperLeg, J_Sec_R_SkirtBack, J_Sec_R_SkirtBack_end, J_Sec_R_SkirtFront, J_Sec_R_SkirtFront_end, J_Sec_R_SkirtSide, J_Sec_R_SkirtSide_end, RightLowerLeg, RightFoot, RightToes, J_Bip_R_ToeBase_end, Root.001
PROFILE_BONE_UNKNOWN	root.x	spine_01.x	spine_02.x	spine_03.x	neck.x	head.x	eye.l	eye.r	PROFILE_BONE_UNKNOWN	shoulder.l	arm_stretch.l	forearm_stretch.l	hand.l	c_thumb1.l	c_thumb2.l	c_thumb3.l	c_index1.l	c_index2.l	c_index3.l	c_middle1.l	c_middle2.l	c_middle3.l	c_ring1.l	c_ring2.l	c_ring3.l	c_pinky1.l	c_pinky2.l	c_pinky3.l	shoulder.r	arm_stretch.r	forearm_stretch.r	hand.r	c_thumb1.r	c_thumb2.r	c_thumb3.r	c_index1.r	c_index2.r	c_index3.r	c_middle1.r	c_middle2.r	c_middle3.r	c_ring1.r	c_ring2.r	c_ring3.r	c_pinky1.r	c_pinky2.r	c_pinky3.r	thigh_stretch.l	leg_stretch.l	foot.l	toes_01.l	thigh_stretch.r	leg_stretch.r	foot.r	toes_01.r	Hips, Spine, Chest, UpperChest, Neck, Head, c_head.x, article.l, article.l.d, article.r, article.r.d, LeftEye, RightEye, LeftShoulder, LeftUpperArm, arm_twist.l, c_arm_twist_offset.l, c_stretch_arm.l, LeftLowerArm, forearm_twist.l, LeftHand, c_hand_fk.l, LeftIndexProximal, LeftIndexIntermediate, LeftIndexDistal, c_index1_base.l, LeftMiddleProximal, LeftMiddleIntermediate, LeftMiddleDistal, c_middle1_base.l, LeftLittleProximal, LeftLittleIntermediate, LeftLittleDistal, c_pinky1_base.l, LeftRingProximal, LeftRingIntermediate, LeftRingDistal, c_ring1_base.l, LeftThumbMetacarpal, LeftThumbProximal, LeftThumbDistal, c_thumb1_base.l, RightShoulder, RightUpperArm, arm_twist.r, c_arm_twist_offset.r, c_stretch_arm.r, RightLowerArm, forearm_twist.r, RightHand, c_hand_fk.r, RightIndexProximal, RightIndexIntermediate, RightIndexDistal, c_index1_base.r, RightMiddleProximal, RightMiddleIntermediate, RightMiddleDistal, c_middle1_base.r, RightLittleProximal, RightLittleIntermediate, RightLittleDistal, c_pinky1_base.r, RightRingProximal, RightRingIntermediate, RightRingDistal, c_ring1_base.r, RightThumbMetacarpal, RightThumbProximal, RightThumbDistal, c_thumb1_base.r, spine_03.x_L, breast.r, spine_03.x_R, breast.l, LeftUpperLeg, c_stretch_leg.l, LeftLowerLeg, LeftFoot, c_toes_fk.l, LeftToes, c_foot_01.l, c_toes_ik.l, leg_twist.l, thigh_twist.l, RightUpperLeg, c_stretch_leg.r, RightLowerLeg, RightFoot, c_toes_fk.r, RightToes, c_foot_01.r, c_toes_ik.r, leg_twist.r, thigh_twist.r
PROFILE_BONE_UNKNOWN	J_Bip_C_Hips	J_Bip_C_Spine	J_Bip_C_Chest	J_Bip_C_UpperChest	J_Bip_C_Neck	J_Bip_C_Head	J_Adj_L_FaceEye	J_Adj_R_FaceEye	PROFILE_BONE_UNKNOWN	J_Bip_L_Shoulder	J_Bip_L_UpperArm	J_Bip_L_LowerArm	J_Bip_L_Hand	J_Bip_L_Thumb1	J_Bip_L_Thumb2	J_Bip_L_Thumb3	J_Bip_L_Index1	J_Bip_L_Index2	J_Bip_L_Index3	J_Bip_L_Middle1	J_Bip_L_Middle2	J_Bip_L_Middle3	J_Bip_L_Ring1	J_Bip_L_Ring2	J_Bip_L_Ring3	J_Bip_L_Little1	J_Bip_L_Little2	J_Bip_L_Little3	J_Bip_R_Shoulder	J_Bip_R_UpperArm	J_Bip_R_LowerArm	J_Bip_R_Hand	J_Bip_R_Thumb1	J_Bip_R_Thumb2	J_Bip_R_Thumb3	J_Bip_R_Index1	J_Bip_R_Index2	J_Bip_R_Index3	J_Bip_R_Middle1	J_Bip_R_Middle2	J_Bip_R_Middle3	J_Bip_R_Ring1	J_Bip_R_Ring2	J_Bip_R_Ring3	J_Bip_R_Little1	J_Bip_R_Little2	J_Bip_R_Little3	J_Bip_L_UpperLeg	J_Bip_L_LowerLeg	J_Bip_L_Foot	J_Bip_L_ToeBase	J_Bip_R_UpperLeg	J_Bip_R_LowerLeg	J_Bip_R_Foot	J_Bip_R_ToeBase	Root, Hips, J_Sec_L_SkirtSide0, J_Sec_L_SkirtSide1, J_Sec_L_SkirtSide2, J_Sec_L_SkirtSide2_end, J_Sec_R_SkirtSide0, J_Sec_R_SkirtSide1, J_Sec_R_SkirtSide2, J_Sec_R_SkirtSide2_end, Spine, Chest, UpperChest, J_Sec_L_Bust1, J_Sec_L_Bust2, J_Sec_R_Bust1, J_Sec_R_Bust2, Neck, Head, J_Adj_L_FaceEyeSet, LeftEye, J_Adj_R_FaceEyeSet, RightEye, HairJoint-245c78de-5156-428a-a204-d0d365e05ba6, HairJoint-a29644ee-c783-4f9e-9709-69cbf5371270, HairJoint-cc989918-f51f-4688-a895-31d82ba3fb7c, HairJoint-4e1fbe13-d23e-44fc-bd71-a8b900607724, HairJoint-228d3cb8-acdc-423e-ba0b-348633783c8d, HairJoint-100bed44-0071-437c-be36-abdb58278ef4, HairJoint-b245d2ac-f22a-43f2-81b5-4331190030f9, HairJoint-222813cf-ea26-4f48-a337-9211c9ecb861, HairJoint-92f42ad7-3cfb-4a57-92ce-fb7949e9fd63, HairJoint-a210d3c5-0b6f-4168-bbd1-74d91903d470, HairJoint-bbbbeaec-2e88-4187-a45f-82397e478b9b, HairJoint-bdfa16d5-3726-41da-8424-acdf58cc4fb3, HairJoint-97f1861b-4225-48a8-82a7-83298efe6d1d, HairJoint-590316aa-6660-4d9e-a098-ec9a12516c6a, HairJoint-ac2f64d6-e7c6-4628-9d48-7471317069c7, HairJoint-624404ef-6900-4636-a7e8-8f21a085e1a1, HairJoint-451c1c8e-679d-4e14-a7c3-af0233d6b161, HairJoint-6321c55f-f5c2-4e8b-b556-774a1f8d2bd9, HairJoint-f42abeae-8c90-4c62-acb0-f421b9ff20ae, HairJoint-b4db1b17-d9d2-402f-bbdf-50e89165cdb8, HairJoint-4308202c-fb5a-4cd4-b888-88df8484cbfd, HairJoint-d0c48a80-3564-4ac3-b0d9-1140cfd89194, HairJoint-f5673e45-468b-4385-9e7f-884dd40a42d9, HairJoint-d487b367-682b-4f3a-8db7-a0d018f244ab, HairJoint-da4dea69-48ae-454c-ba2e-bc7dfe9644ee, HairJoint-580089ab-1666-4f2b-bf07-6e1ccc3fbf97, HairJoint-b2ad7ba8-6449-4705-8265-acf10ff1e0b6, HairJoint-9afbe9a6-9679-4e3e-93eb-7fbac488fb0b, HairJoint-917884bc-08c5-497a-9810-394d8cc0c586, HairJoint-c69a169d-3e0c-4dd7-94a4-e1d205a8bfd1, HairJoint-84128ad6-f9ff-4606-a254-0ae6a42fa328, HairJoint-ce79bc1a-a9ea-4c1a-a6f9-423e81deedf3, HairJoint-d32f57a3-131b-424d-a952-d620b99f4c2e, HairJoint-a908a04d-03a7-40ec-87df-0f2ca63ec001, HairJoint-e4b0b4c5-3f6a-478d-adca-d4d03d2deecc, HairJoint-ff1da007-aff2-487a-a076-ab49f4cbe13f, HairJoint-a971fbe9-7c02-4476-a0ec-7680aa4d0a33, HairJoint-0cd87787-567b-48bd-bbb9-5ec87af5ca0c, HairJoint-c2c155fc-f638-43ac-bd5d-c8bcfcdb5bfe, HairJoint-cd29f972-776f-4841-9dda-98c980b83692, HairJoint-bcd4d0d2-5d6c-439a-8ad4-69ccf94473b7, HairJoint-45e1142c-25f8-47f7-b70e-0b96fdb587eb, HairJoint-a9ff6aaa-bb4d-492a-9e81-3c1ebc305fca, HairJoint-cf45c901-867c-415d-97d6-f56902baa811, HairJoint-c771785e-d4a4-4135-9ea6-863e36f4444a, HairJoint-d0575fc7-ba60-45be-86f0-b7b4b96ad2c0, HairJoint-e1cb9281-c290-4f72-8e0f-833f3b3a9b5c, HairJoint-2e967519-8070-4a03-8818-5a50fe8746a1, HairJoint-874ec9f8-4eb7-4589-91aa-ee4f1c846494, HairJoint-7772c92a-cfde-4038-bbe6-42a1ce075296, LeftShoulder, LeftUpperArm, LeftLowerArm, J_Sec_L_LowerSleeve, J_Sec_L_LowerSleeve_end, J_Sec_L_TipSleeve, J_Sec_L_TipSleeve_end, LeftHand, LeftIndexProximal, LeftIndexIntermediate, LeftIndexDistal, J_Bip_L_Index3_end, LeftLittleProximal, LeftLittleIntermediate, LeftLittleDistal, J_Bip_L_Little3_end, LeftMiddleProximal, LeftMiddleIntermediate, LeftMiddleDistal, J_Bip_L_Middle3_end, LeftRingProximal, LeftRingIntermediate, LeftRingDistal, J_Bip_L_Ring3_end, LeftThumbMetacarpal, LeftThumbProximal, LeftThumbDistal, J_Bip_L_Thumb3_end, RightShoulder, RightUpperArm, RightLowerArm, J_Sec_R_LowerSleeve, J_Sec_R_LowerSleeve_end, J_Sec_R_TipSleeve, J_Sec_R_TipSleeve_end, RightHand, RightIndexProximal, RightIndexIntermediate, RightIndexDistal, J_Bip_R_Index3_end, RightLittleProximal, RightLittleIntermediate, RightLittleDistal, J_Bip_R_Little3_end, RightMiddleProximal, RightMiddleIntermediate, RightMiddleDistal, J_Bip_R_Middle3_end, RightRingProximal, RightRingIntermediate, RightRingDistal, J_Bip_R_Ring3_end, RightThumbMetacarpal, RightThumbProximal, RightThumbDistal, J_Bip_R_Thumb3_end, LeftUpperLeg, J_Sec_L_SkirtBack0, J_Sec_L_SkirtBack1, J_Sec_L_SkirtBack2, J_Sec_L_SkirtBack2_end, J_Sec_L_SkirtFront0, J_Sec_L_SkirtFront1, J_Sec_L_SkirtFront2, J_Sec_L_SkirtFront2_end, LeftLowerLeg, LeftFoot, LeftToes, J_Bip_L_ToeBase_end, RightUpperLeg, J_Sec_R_SkirtBack0, J_Sec_R_SkirtBack1, J_Sec_R_SkirtBack2, J_Sec_R_SkirtBack2_end, J_Sec_R_SkirtFront0, J_Sec_R_SkirtFront1, J_Sec_R_SkirtFront2, J_Sec_R_SkirtFront2_end, RightLowerLeg, RightFoot, RightToes, J_Bip_R_ToeBase_end
PROFILE_BONE_UNKNOWN	J_Bip_C_Hips	J_Bip_C_Spine	J_Bip_C_Chest	J_Bip_C_UpperChest	J_Bip_C_Neck	J_Bip_C_Head	J_Adj_L_FaceEye	J_Adj_R_FaceEye	PROFILE_BONE_UNKNOWN	J_Bip_L_Shoulder	J_Bip_L_UpperArm	J_Bip_L_LowerArm	J_Bip_L_Hand	J_Bip_L_Thumb1	J_Bip_L_Thumb2	J_Bip_L_Thumb3	J_Bip_L_Index1	J_Bip_L_Index2	J_Bip_L_Index3	J_Bip_L_Middle1	J_Bip_L_Middle2	J_Bip_L_Middle3	J_Bip_L_Ring1	J_Bip_L_Ring2	J_Bip_L_Ring3	J_Bip_L_Little1	J_Bip_L_Little2	J_Bip_L_Little3	J_Bip_R_Shoulder	J_Bip_R_UpperArm	J_Bip_R_LowerArm	J_Bip_R_Hand	J_Bip_R_Thumb1	J_Bip_R_Thumb2	J_Bip_R_Thumb3	J_Bip_R_Index1	J_Bip_R_Index2	J_Bip_R_Index3	J_Bip_R_Middle1	J_Bip_R_Middle2	J_Bip_R_Middle3	J_Bip_R_Ring1	J_Bip_R_Ring2	J_Bip_R_Ring3	J_Bip_R_Little1	J_Bip_R_Little2	J_Bip_R_Little3	J_Bip_L_UpperLeg	J_Bip_L_LowerLeg	J_Bip_L_Foot	J_Bip_L_ToeBase	J_Bip_R_UpperLeg	J_Bip_R_LowerLeg	J_Bip_R_Foot	J_Bip_R_ToeBase	Root, Hips, J_Sec_L_SkirtSide0, J_Sec_L_SkirtSide1, J_Sec_L_SkirtSide2, J_Sec_L_SkirtSide2_end, J_Sec_R_SkirtSide0, J_Sec_R_SkirtSide1, J_Sec_R_SkirtSide2, J_Sec_R_SkirtSide2_end, Spine, Chest, UpperChest, J_Sec_L_Bust1, J_Sec_L_Bust2, J_Sec_R_Bust1, J_Sec_R_Bust2, Neck, Head, J_Adj_L_FaceEyeSet, LeftEye, J_Adj_R_FaceEyeSet, RightEye, HairJoint-e17dce3f-4249-4ac2-abc6-05b550f1cbb7, HairJoint-6fb1f15e-8998-46c1-9e58-e1cb15546d6d, HairJoint-230a2126-570f-480c-914e-e1a3d86a09b7, HairJoint-d844a34c-f0a7-41f0-9dbf-95cff742c9b3, HairJoint-131ade18-bd24-41b8-b974-cc30c260dbab, HairJoint-0dd26ea4-b403-48a3-b491-8227126470b6, HairJoint-29ee833a-ea1a-4fcb-8c9b-3533fa46aeea, HairJoint-0bd78052-b816-4eeb-b365-e1028351e578, HairJoint-01969415-5b3a-4fe3-8646-f2b6e998b647, HairJoint-63087579-3ae2-4143-b33c-9f91339bd39b, HairJoint-0ad5e267-894a-40d5-b5c2-d2454d19605d, HairJoint-e75088e8-f6c0-4678-a2f6-e0ecd3bc273d, HairJoint-68ef5058-3b28-42ae-955f-53d46460126c, HairJoint-bf2c75fe-a67b-4fa8-9a94-013cdcb4cc14, HairJoint-5ded9d32-e1f5-4a10-af55-6dea176ca708, HairJoint-0cb85c8c-70d3-4066-93ff-f23682ba5904, HairJoint-6b7b89d3-264a-4118-8268-b960a381fc96, HairJoint-34a5fe65-9eb8-4de0-9a28-02dd1cd099e9, HairJoint-3bc2fdb8-fcd7-4117-8fbc-f0ec28ec48f9, HairJoint-e2e67e37-0fef-43fb-aac7-aee3d4bf800c, HairJoint-87ed67dc-7a33-4e39-aff6-39e0acd5aeab, HairJoint-f3405174-d75f-4265-8bcd-60894d0f60ec, HairJoint-11f066dc-b4d3-4b44-8088-02884f5582b4, HairJoint-d7ae39ab-739b-4fde-8178-6825b0c13c9a, HairJoint-f000dd91-baba-4862-9308-8b5652d8ddfd, HairJoint-80b61efa-db9d-46c3-a0d5-360066aa0e6b, HairJoint-9d5d37b9-98e7-4f65-a921-3f354367c0eb, HairJoint-9554c00a-cdc1-4628-8172-a0112c939675, HairJoint-897a5232-190e-4b05-a1f0-ccc90817caa3, HairJoint-01f63079-da4e-47d5-b2c6-268e15b3320d, HairJoint-260a1c88-34c6-4c62-b969-f71366707976, HairJoint-2929a92a-49a4-4d81-ba6a-b0a9f00ed79a, HairJoint-d13ba915-ea0b-4d17-81c5-b4a82646d213, HairJoint-bf888760-d05b-4e59-ba36-4b0d6dca895b, HairJoint-3c55e562-ad65-417f-be63-1efc9f0f59b4, HairJoint-ef96ab0c-6631-4731-ac3b-6871cef831e3, HairJoint-5d5bf33a-cc47-4f40-88a3-cf353977a380, HairJoint-644f29f8-baed-4f17-bbbd-890c06d7d8ca, HairJoint-066b14d1-b5c8-4894-be3f-f2a2cd9773c9, HairJoint-19009c59-172e-4b59-abe0-773a363b904d, HairJoint-94c7e564-d8f9-47a3-99f0-99c36169a3c5, HairJoint-51efaed8-3c42-4467-8dba-08e2fbd5952c, HairJoint-cfc850fd-5242-4f50-ae1f-2f9e615c8a60, HairJoint-80912c8b-76c3-4ccb-900b-c5c3da6ff406, HairJoint-dcf3825b-5cbe-4ab8-9d34-1a798886791f, HairJoint-eb805545-f2fb-4f77-bb23-8d4e88ffc9c3, HairJoint-cef399a3-7442-4d15-a473-58b63654c50f, LeftShoulder, LeftUpperArm, LeftLowerArm, J_Sec_L_LowerSleeve, J_Sec_L_LowerSleeve_end, J_Sec_L_TipSleeve, J_Sec_L_TipSleeve_end, LeftHand, LeftIndexProximal, LeftIndexIntermediate, LeftIndexDistal, J_Bip_L_Index3_end, LeftLittleProximal, LeftLittleIntermediate, LeftLittleDistal, J_Bip_L_Little3_end, LeftMiddleProximal, LeftMiddleIntermediate, LeftMiddleDistal, J_Bip_L_Middle3_end, LeftRingProximal, LeftRingIntermediate, LeftRingDistal, J_Bip_L_Ring3_end, LeftThumbMetacarpal, LeftThumbProximal, LeftThumbDistal, J_Bip_L_Thumb3_end, RightShoulder, RightUpperArm, RightLowerArm, J_Sec_R_LowerSleeve, J_Sec_R_LowerSleeve_end, J_Sec_R_TipSleeve, J_Sec_R_TipSleeve_end, RightHand, RightIndexProximal, RightIndexIntermediate, RightIndexDistal, J_Bip_R_Index3_end, RightLittleProximal, RightLittleIntermediate, RightLittleDistal, J_Bip_R_Little3_end, RightMiddleProximal, RightMiddleIntermediate, RightMiddleDistal, J_Bip_R_Middle3_end, RightRingProximal, RightRingIntermediate, RightRingDistal, J_Bip_R_Ring3_end, RightThumbMetacarpal, RightThumbProximal, RightThumbDistal, J_Bip_R_Thumb3_end, LeftUpperLeg, J_Sec_L_SkirtBack0, J_Sec_L_SkirtBack1, J_Sec_L_SkirtBack2, J_Sec_L_SkirtBack2_end, J_Sec_L_SkirtFront0, J_Sec_L_SkirtFront1, J_Sec_L_SkirtFront2, J_Sec_L_SkirtFront2_end, LeftLowerLeg, LeftFoot, LeftToes, J_Bip_L_ToeBase_end, RightUpperLeg, J_Sec_R_SkirtBack0, J_Sec_R_SkirtBack1, J_Sec_R_SkirtBack2, J_Sec_R_SkirtBack2_end, J_Sec_R_SkirtFront0, J_Sec_R_SkirtFront1, J_Sec_R_SkirtFront2, J_Sec_R_SkirtFront2_end, RightLowerLeg, RightFoot, RightToes, J_Bip_R_ToeBase_end
PROFILE_BONE_UNKNOWN	hips	spine	chest	PROFILE_BONE_UNKNOWN	neck	head	eye.L	eye.R	PROFILE_BONE_UNKNOWN	shoulder.L	upper_arm.L	lower_arm.L	hand.L	thumb.proximal.L	thumb.intermediate.L	thumb.distal.L	index.proximal.L	index.intermediate.L	index.distal.L	middle.proximal.L	middle.intermediate.L	middle.distal.L	ring.proximal.L	ring.intermediate.L	ring.distal.L	little.proximal.L	little.intermediate.L	little.distal.L	shoulder.R	upper_arm.R	lower_arm.R	hand.R	thumb.proximal.R	thumb.intermediate.R	thumb.distal.R	index.proximal.R	index.intermediate.R	index.distal.R	middle.proximal.R	middle.intermediate.R	middle.distal.R	ring.proximal.R	ring.intermediate.R	ring.distal.R	little.proximal.R	little.intermediate.R	little.distal.R	upper_leg.L	lower_leg.L	foot.L	toes.L	upper_leg.R	lower_leg.R	foot.R	toes.R	root, Hips, Spine, Chest, Neck, Head, LeftEye, RightEye, LeftShoulder, LeftUpperArm, LeftLowerArm, LeftHand, LeftThumbMetacarpal, LeftThumbProximal, LeftThumbDistal, LeftIndexProximal, LeftIndexIntermediate, LeftIndexDistal, LeftMiddleProximal, LeftMiddleIntermediate, LeftMiddleDistal, LeftRingProximal, LeftRingIntermediate, LeftRingDistal, LeftLittleProximal, LeftLittleIntermediate, LeftLittleDistal, RightShoulder, RightUpperArm, RightLowerArm, RightHand, RightThumbMetacarpal, RightThumbProximal, RightThumbDistal, RightIndexProximal, RightIndexIntermediate, RightIndexDistal, RightMiddleProximal, RightMiddleIntermediate, RightMiddleDistal, RightRingProximal, RightRingIntermediate, RightRingDistal, RightLittleProximal, RightLittleIntermediate, RightLittleDistal, LeftUpperLeg, LeftLowerLeg, LeftFoot, LeftToes, RightUpperLeg, RightLowerLeg, RightFoot, RightToes
PROFILE_BONE_UNKNOWN	J_Bip_C_Hips	J_Bip_C_Spine	J_Bip_C_Chest	J_Bip_C_UpperChest	J_Bip_C_Neck	J_Bip_C_Head	J_Adj_L_FaceEye	J_Adj_R_FaceEye	PROFILE_BONE_UNKNOWN	J_Bip_L_Shoulder	J_Bip_L_UpperArm	J_Bip_L_LowerArm	J_Bip_L_Hand	J_Bip_L_Thumb1	J_Bip_L_Thumb2	J_Bip_L_Thumb3	J_Bip_L_Index1	J_Bip_L_Index2	J_Bip_L_Index3	J_Bip_L_Middle1	J_Bip_L_Middle2	J_Bip_L_Middle3	J_Bip_L_Ring1	J_Bip_L_Ring2	J_Bip_L_Ring3	J_Bip_L_Little1	J_Bip_L_Little2	J_Bip_L_Little3	J_Bip_R_Shoulder	J_Bip_R_UpperArm	J_Bip_R_LowerArm	J_Bip_R_Hand	J_Bip_R_Thumb1	J_Bip_R_Thumb2	J_Bip_R_Thumb3	J_Bip_R_Index1	J_Bip_R_Index2	J_Bip_R_Index3	J_Bip_R_Middle1	J_Bip_R_Middle2	J_Bip_R_Middle3	J_Bip_R_Ring1	J_Bip_R_Ring2	J_Bip_R_Ring3	J_Bip_R_Little1	J_Bip_R_Little2	J_Bip_R_Little3	J_Bip_L_UpperLeg	J_Bip_L_LowerLeg	J_Bip_L_Foot	J_Bip_L_ToeBase	J_Bip_R_UpperLeg	J_Bip_R_LowerLeg	J_Bip_R_Foot	J_Bip_R_ToeBase	Root, Hips, Spine, Chest, UpperChest, J_Sec_L_Bust1, J_Sec_L_Bust2, J_Sec_R_Bust1, J_Sec_R_Bust2, Neck, Head, LeftEye, RightEye, HairJoint-a04788eb-7a77-4b6e-95a1-3f403354b3fc, HairJoint-535acb8b-04f1-4807-8564-bcde390e8d9d, HairJoint-07972c93-5c49-440c-aab6-666d97f53896, HairJoint-c35bc030-3da3-4d49-ab7c-4aabeedc2de1, HairJoint-900f4eb5-ad8f-49c8-a862-358f11add7c6, HairJoint-b6fab7f2-19e4-4f4c-9184-b1dfe71f0e31, HairJoint-f24a30fb-6c62-40b1-b06f-0e969332fc96, HairJoint-6346d9ad-cf3d-482c-b671-f83145042ac7, HairJoint-09341a53-cba3-4835-b2d0-91b5066b5dda, HairJoint-0db13061-2c8b-4731-b8fe-864e6080e928, HairJoint-3e473c0c-8279-48c2-89f4-1210d66869f9, HairJoint-051a7dfd-721e-44bf-9ceb-3b2117bf45c1, HairJoint-47abc8e5-1a6d-4b56-a4a2-ce87870c9c4b, HairJoint-1275757f-6fe5-4d78-be03-7138f9d26007, HairJoint-74486861-7fd4-4229-a39c-53391b427112, HairJoint-6d601c59-2c9b-428e-ac14-a6d790c24324, HairJoint-5a19dd4b-e27f-4e05-ae88-ce6f37072a1d, HairJoint-7c3e840e-e897-4444-9f28-c78b33eaa6d6, HairJoint-bc1e78e1-423f-4bc9-8559-699bb36fd4d5, HairJoint-8fcd18cf-f70c-4b57-958b-1d705adf7c8d, HairJoint-5b7d4f8d-4a41-452f-b278-3e04ef74d159, HairJoint-31f3a8c7-c08e-4c02-9b56-d3e8688f2fba, HairJoint-bef70c9d-db6a-453f-b754-55576a091cb5, HairJoint-0436323a-45d9-4b3f-9caf-8c613e7ab228, HairJoint-140a6dba-15a2-4230-8f22-928cebc7e306, HairJoint-42a997d0-311a-46a4-bdba-ec37dc34ba20, HairJoint-92a4c79d-a4ef-4650-87e3-545a0fb44ae4, HairJoint-753e682b-3480-43d0-b85d-71fbb4429587, HairJoint-1228e397-dc7b-4a07-a596-21637462b95b, HairJoint-13e01abf-f503-4a07-a66f-e746d3276851, HairJoint-1ab438c8-7662-4380-9858-23f300f6c595, HairJoint-a3eb3cc9-022c-455d-98da-6fd99adeb1f5, HairJoint-098820b3-4aa3-48c9-94a4-2c89e3d2ac8b, HairJoint-97d2c5b4-4bf5-4777-8502-0a7d5b5d1e97, HairJoint-fa6be46a-2b0c-429a-9860-d99be16f6202, HairJoint-39978425-d125-4c40-8806-32f61b76cdc5, HairJoint-47328f54-5b10-4eed-86a0-664ba54b2fad, HairJoint-2efd2204-78ee-49d7-aeb0-f3427e8ee41c, HairJoint-6d9c818f-ed94-4f17-a332-09e58964f5de, HairJoint-7ff5fb53-379e-4c21-8550-d8cdd9897c75, HairJoint-60de1643-eab0-4af9-9009-1224aab7c934, HairJoint-e9356468-a496-4b6f-b576-dc4a5b963d4d, HairJoint-a3d11577-b757-46db-8937-6176fcaa4e65, HairJoint-76f251b5-25b0-4882-8e23-8883ec50ef59, LeftShoulder, LeftUpperArm, LeftLowerArm, LeftHand, LeftIndexProximal, LeftIndexIntermediate, LeftIndexDistal, J_Bip_L_Index3_end, LeftLittleProximal, LeftLittleIntermediate, LeftLittleDistal, J_Bip_L_Little3_end, LeftMiddleProximal, LeftMiddleIntermediate, LeftMiddleDistal, J_Bip_L_Middle3_end, LeftRingProximal, LeftRingIntermediate, LeftRingDistal, J_Bip_L_Ring3_end, LeftThumbMetacarpal, LeftThumbProximal, LeftThumbDistal, J_Bip_L_Thumb3_end, RightShoulder, RightUpperArm, RightLowerArm, RightHand, RightIndexProximal, RightIndexIntermediate, RightIndexDistal, J_Bip_R_Index3_end, RightLittleProximal, RightLittleIntermediate, RightLittleDistal, J_Bip_R_Little3_end, RightMiddleProximal, RightMiddleIntermediate, RightMiddleDistal, J_Bip_R_Middle3_end, RightRingProximal, RightRingIntermediate, RightRingDistal, J_Bip_R_Ring3_end, RightThumbMetacarpal, RightThumbProximal, RightThumbDistal, J_Bip_R_Thumb3_end, LeftUpperLeg, J_Sec_L_SkirtBack, J_Sec_L_SkirtBack_end, J_Sec_L_SkirtFront, J_Sec_L_SkirtFront_end, J_Sec_L_SkirtSide, J_Sec_L_SkirtSide_end, LeftLowerLeg, LeftFoot, LeftToes, J_Bip_L_ToeBase_end, RightUpperLeg, J_Sec_R_SkirtBack, J_Sec_R_SkirtBack_end, J_Sec_R_SkirtFront, J_Sec_R_SkirtFront_end, J_Sec_R_SkirtSide, J_Sec_R_SkirtSide_end, RightLowerLeg, RightFoot, RightToes, J_Bip_R_ToeBase_end
PROFILE_BONE_UNKNOWN	J_Bip_C_Hips	J_Bip_C_Spine	J_Bip_C_Chest	J_Bip_C_UpperChest	J_Bip_C_Neck	J_Bip_C_Head	J_Adj_L_FaceEye	J_Adj_R_FaceEye	PROFILE_BONE_UNKNOWN	J_Bip_L_Shoulder	J_Bip_L_UpperArm	J_Bip_L_LowerArm	J_Bip_L_Hand	J_Bip_L_Thumb1	J_Bip_L_Thumb2	J_Bip_L_Thumb3	J_Bip_L_Index1	J_Bip_L_Index2	J_Bip_L_Index3	J_Bip_L_Middle1	J_Bip_L_Middle2	J_Bip_L_Middle3	J_Bip_L_Ring1	J_Bip_L_Ring2	J_Bip_L_Ring3	J_Bip_L_Little1	J_Bip_L_Little2	J_Bip_L_Little3	J_Bip_R_Shoulder	J_Bip_R_UpperArm	J_Bip_R_LowerArm	J_Bip_R_Hand	J_Bip_R_Thumb1	J_Bip_R_Thumb2	J_Bip_R_Thumb3	J_Bip_R_Index1	J_Bip_R_Index2	J_Bip_R_Index3	J_Bip_R_Middle1	J_Bip_R_Middle2	J_Bip_R_Middle3	J_Bip_R_Ring1	J_Bip_R_Ring2	J_Bip_R_Ring3	J_Bip_R_Little1	J_Bip_R_Little2	J_Bip_R_Little3	J_Bip_L_UpperLeg	J_Bip_L_LowerLeg	J_Bip_L_Foot	J_Bip_L_ToeBase	J_Bip_R_UpperLeg	J_Bip_R_LowerLeg	J_Bip_R_Foot	J_Bip_R_ToeBase	Root, Hips, Spine, Chest, UpperChest, Neck, Head, LeftEye, RightEye, HairJoint-8b570e90-81c6-48ed-aaeb-f0f3b081d5a9, HairJoint-ebc64fff-f226-4d7a-8f81-9a4382ff7e95, HairJoint-76d7b2e2-fdcd-4072-9c8b-00312276e8a3, HairJoint-eac327e9-ca53-4bde-916e-0296e4035041, HairJoint-2fb35e2a-58f0-43a5-bce2-f0a0cd6dfa62, HairJoint-b8602e07-07a7-450d-b908-5db240bc1053, HairJoint-9af38447-5989-4a4c-8f8a-1bd8196b341e, HairJoint-78c2f48e-d58f-4248-931d-20f38a34d4e7, HairJoint-377a36d9-49b7-4774-a80b-cda026c579e3, HairJoint-afaa31fd-7753-479f-90ca-613120baa81e, HairJoint-a0c29532-e891-4d0a-9e54-333915336860, HairJoint-9e4db3eb-5c4f-4e48-9f61-e34a867c41a3, HairJoint-fbec18df-4ac2-4978-992f-7583b8fa65e1, HairJoint-d5923853-3f80-4e88-adbb-9f111bcd4635, HairJoint-162c54c3-92dc-4ef1-a655-90959d84fdf1, HairJoint-220c9be7-44c9-4b73-96cf-5797b94dca25, HairJoint-ce7ffa7f-bfb7-448e-9381-02da6a00db13, HairJoint-8e334f51-84b7-45e8-b74a-02f92e50d0a5, HairJoint-5806da88-2c3c-4025-9683-392e3113379d, HairJoint-38a1cd8b-b8f4-42db-b9a5-d39df4beedf4, HairJoint-1de8d0f7-e107-444a-a55e-3c20e698e69e, HairJoint-a6f9f1af-ac4e-4d78-921f-e81d4daa1e83, HairJoint-6e2a4b7c-1848-4e04-a969-0efc2a18c9ee, HairJoint-80e4940a-0c32-4ed7-9ad9-72a862f13613, HairJoint-da1cf04e-ae6f-4690-8da2-79c6a4a98b53, HairJoint-827e22e3-0a38-4b89-9ad2-f16e1af526ce, HairJoint-7e210ce5-9ce0-4184-b3d7-4142f06ec9fd, HairJoint-07253a6e-1fcd-4b10-ad83-dc8bd00055dc, HairJoint-67dcd927-f908-41a4-8cf3-0e14a4bb045b, HairJoint-a3900a31-460c-47ac-9cfd-4c63b420bd4c, HairJoint-568f927a-7f7d-4af2-9434-fc00cdd3824c, HairJoint-721da19d-2e49-4566-aa37-e29bbbc8eaac, HairJoint-1be31375-8e0b-4df8-a0ee-52d1bedd9b55, HairJoint-be66e7fb-a995-49fb-a75c-41a2e6c1e36c, HairJoint-48832974-1ad8-4e30-8903-41299da5e704, HairJoint-36018f64-526d-4e13-b27a-9e70096cebec, HairJoint-44ee48ec-a132-4c6b-a14f-b0b1a0526502, HairJoint-3f2840e0-ff46-45a2-83ad-8fa808411224, LeftShoulder, LeftUpperArm, LeftLowerArm, LeftHand, LeftIndexProximal, LeftIndexIntermediate, LeftIndexDistal, J_Bip_L_Index3_end, LeftLittleProximal, LeftLittleIntermediate, LeftLittleDistal, J_Bip_L_Little3_end, LeftMiddleProximal, LeftMiddleIntermediate, LeftMiddleDistal, J_Bip_L_Middle3_end, LeftRingProximal, LeftRingIntermediate, LeftRingDistal, J_Bip_L_Ring3_end, LeftThumbMetacarpal, LeftThumbProximal, LeftThumbDistal, J_Bip_L_Thumb3_end, RightShoulder, RightUpperArm, RightLowerArm, RightHand, RightIndexProximal, RightIndexIntermediate, RightIndexDistal, J_Bip_R_Index3_end, RightLittleProximal, RightLittleIntermediate, RightLittleDistal, J_Bip_R_Little3_end, RightMiddleProximal, RightMiddleIntermediate, RightMiddleDistal, J_Bip_R_Middle3_end, RightRingProximal, RightRingIntermediate, RightRingDistal, J_Bip_R_Ring3_end, RightThumbMetacarpal, RightThumbProximal, RightThumbDistal, J_Bip_R_Thumb3_end, LeftUpperLeg, LeftLowerLeg, LeftFoot, LeftToes, J_Bip_L_ToeBase_end, RightUpperLeg, RightLowerLeg, RightFoot, RightToes, J_Bip_R_ToeBase_end
PROFILE_BONE_UNKNOWN	J_Bip_C_Hips	J_Bip_C_Spine	J_Bip_C_Chest	J_Bip_C_UpperChest	J_Bip_C_Neck	J_Bip_C_Head	J_Adj_L_FaceEye	J_Adj_R_FaceEye	PROFILE_BONE_UNKNOWN	J_Bip_L_Shoulder	J_Bip_L_UpperArm	J_Bip_L_LowerArm	J_Bip_L_Hand	J_Bip_L_Thumb1	J_Bip_L_Thumb2	J_Bip_L_Thumb3	J_Bip_L_Index1	J_Bip_L_Index2	J_Bip_L_Index3	J_Bip_L_Middle1	J_Bip_L_Middle2	J_Bip_L_Middle3	J_Bip_L_Ring1	J_Bip_L_Ring2	J_Bip_L_Ring3	J_Bip_L_Little1	J_Bip_L_Little2	J_Bip_L_Little3	J_Bip_R_Shoulder	J_Bip_R_UpperArm	J_Bip_R_LowerArm	J_Bip_R_Hand	J_Bip_R_Thumb1	J_Bip_R_Thumb2	J_Bip_R_Thumb3	J_Bip_R_Index1	J_Bip_R_Index2	J_Bip_R_Index3	J_Bip_R_Middle1	J_Bip_R_Middle2	J_Bip_R_Middle3	J_Bip_R_Ring1	J_Bip_R_Ring2	J_Bip_R_Ring3	J_Bip_R_Little1	J_Bip_R_Little2	J_Bip_R_Little3	J_Bip_L_UpperLeg	J_Bip_L_LowerLeg	J_Bip_L_Foot	J_Bip_L_ToeBase	J_Bip_R_UpperLeg	J_Bip_R_LowerLeg	J_Bip_R_Foot	J_Bip_R_ToeBase	Root, Hips, Spine, Chest, UpperChest, J_Sec_L_Bust1, J_Sec_L_Bust2, J_Sec_R_Bust1, J_Sec_R_Bust2, Neck, Head, LeftEye, RightEye, HairJoint-47dad924-f5c5-4faa-afec-428bac46c8b3, HairJoint-19b5a07d-9f78-4064-a1bb-5d02be17e36e, HairJoint-b875f84a-7dd4-4cb5-89b5-797e4b81ef48, HairJoint-f52642ea-392e-486a-a0db-0253eee12f9f, HairJoint-7cac38ec-96ff-479b-a374-5b915e9e0de2, HairJoint-6e2a8902-db36-4bbe-b618-c374ec33b499, HairJoint-f0bbffb1-1c97-4762-8e4b-29cf4dad23c3, HairJoint-75bb4fb5-ea48-447b-9547-8013e41e8d3a, HairJoint-1afcf81a-b48e-4d34-9667-984f252b5e1f, HairJoint-2ec23b11-0b02-47bc-bd0d-c0563be4863f, HairJoint-0e824621-93ad-4fed-bcae-24a48efccf6f, HairJoint-643ba961-c806-4c17-88fb-96a7711b1de1, HairJoint-b892a725-12b2-4574-b24d-b17621e3ddc5, HairJoint-f49668c0-3325-4f39-9161-bbbe93ff59df, HairJoint-78cc815f-093d-44c5-a770-093e2b0dc834, HairJoint-108c20b8-e012-43f8-973f-ce38f9818bd0, HairJoint-a77c714f-a57a-4c0c-a7d5-764d8fe6dbed, HairJoint-4a004fce-e6b6-41e8-b644-d6b647a202b0, HairJoint-27138abf-b907-4906-8973-a4e24ad172d2, HairJoint-1fcd22ed-3087-4123-bd51-4242c7ff98f3, HairJoint-376daaca-1f15-4bae-a699-0c3baa052d1c, HairJoint-86aad3d9-99cd-4bf7-ba9c-e7178e7a5675, HairJoint-5605eede-4833-4bbf-861b-55527318a877, HairJoint-611ec2cd-d95a-49e0-9eef-7febf0b59961, HairJoint-5b02300e-50f6-47ae-a4f3-7c182d9d0293, HairJoint-6560e39c-8fdd-4f15-abf1-d65d2f60a328, HairJoint-4f2591df-ef65-417d-bcd1-ccb497f3ecb6, HairJoint-a8e1af4f-e792-4611-b293-e7f97d5fbb60, HairJoint-951bee9f-8815-4dc6-b203-ce8991db7208, HairJoint-de88159e-b018-445e-99f8-57d6946bab3e, HairJoint-71332e4a-0676-4aac-bbe4-8ef1d0d7a7bb, HairJoint-daa51543-5b9e-4385-89be-2a0f221ddb0c, HairJoint-40119cbb-80d8-4c17-81a4-18fc59494ab6, HairJoint-ab26ab97-9de4-4116-b13d-aa3348f56fb7, HairJoint-bc284c75-dacd-4067-bf08-1d1ce8690553, HairJoint-7abbc85d-b247-4e47-990f-d973424f1b73, HairJoint-aa46fdb2-b992-4601-9aa8-f30b7edf58f1, HairJoint-90040d8b-e2ef-483e-a6b3-18923ba82c7e, HairJoint-2f699f12-d289-4ea2-8d9a-516ff4573c6a, HairJoint-9896aedf-c7a1-4d23-8feb-80e70acf4fb8, HairJoint-dc5d303f-3a54-48b5-aeca-bd379d7d172b, LeftShoulder, LeftUpperArm, LeftLowerArm, LeftHand, LeftIndexProximal, LeftIndexIntermediate, LeftIndexDistal, J_Bip_L_Index3_end, LeftLittleProximal, LeftLittleIntermediate, LeftLittleDistal, J_Bip_L_Little3_end, LeftMiddleProximal, LeftMiddleIntermediate, LeftMiddleDistal, J_Bip_L_Middle3_end, LeftRingProximal, LeftRingIntermediate, LeftRingDistal, J_Bip_L_Ring3_end, LeftThumbMetacarpal, LeftThumbProximal, LeftThumbDistal, J_Bip_L_Thumb3_end, RightShoulder, RightUpperArm, RightLowerArm, RightHand, RightIndexProximal, RightIndexIntermediate, RightIndexDistal, J_Bip_R_Index3_end, RightLittleProximal, RightLittleIntermediate, RightLittleDistal, J_Bip_R_Little3_end, RightMiddleProximal, RightMiddleIntermediate, RightMiddleDistal, J_Bip_R_Middle3_end, RightRingProximal, RightRingIntermediate, RightRingDistal, J_Bip_R_Ring3_end, RightThumbMetacarpal, RightThumbProximal, RightThumbDistal, J_Bip_R_Thumb3_end, LeftUpperLeg, J_Sec_L_SkirtBack, J_Sec_L_SkirtBack_end, J_Sec_L_SkirtFront, J_Sec_L_SkirtFront_end, J_Sec_L_SkirtSide, J_Sec_L_SkirtSide_end, LeftLowerLeg, J_Sec_L_CoatSkirtBack, J_Sec_L_CoatSkirtBack_end, J_Sec_L_CoatSkirtFront, J_Sec_L_CoatSkirtFront_end, J_Sec_L_CoatSkirtSide1, J_Sec_L_CoatSkirtSide2, J_Sec_L_CoatSkirtSide2_end, LeftFoot, LeftToes, J_Bip_L_ToeBase_end, RightUpperLeg, J_Sec_R_SkirtBack, J_Sec_R_SkirtBack_end, J_Sec_R_SkirtFront, J_Sec_R_SkirtFront_end, J_Sec_R_SkirtSide, J_Sec_R_SkirtSide_end, RightLowerLeg, J_Sec_R_CoatSkirtBack, J_Sec_R_CoatSkirtBack_end, J_Sec_R_CoatSkirtFront, J_Sec_R_CoatSkirtFront_end, J_Sec_R_CoatSkirtSide1, J_Sec_R_CoatSkirtSide2, J_Sec_R_CoatSkirtSide2_end, RightFoot, RightToes, J_Bip_R_ToeBase_end
PROFILE_BONE_UNKNOWN	J_Bip_C_Hips	J_Bip_C_Spine	J_Bip_C_Chest	J_Bip_C_UpperChest	J_Bip_C_Neck	J_Bip_C_Head	J_Adj_L_FaceEye	J_Adj_R_FaceEye	PROFILE_BONE_UNKNOWN	J_Bip_L_Shoulder	J_Bip_L_UpperArm	J_Bip_L_LowerArm	J_Bip_L_Hand	J_Bip_L_Thumb1	J_Bip_L_Thumb2	J_Bip_L_Thumb3	J_Bip_L_Index1	J_Bip_L_Index2	J_Bip_L_Index3	J_Bip_L_Middle1	J_Bip_L_Middle2	J_Bip_L_Middle3	J_Bip_L_Ring1	J_Bip_L_Ring2	J_Bip_L_Ring3	J_Bip_L_Little1	J_Bip_L_Little2	J_Bip_L_Little3	J_Bip_R_Shoulder	J_Bip_R_UpperArm	J_Bip_R_LowerArm	J_Bip_R_Hand	J_Bip_R_Thumb1	J_Bip_R_Thumb2	J_Bip_R_Thumb3	J_Bip_R_Index1	J_Bip_R_Index2	J_Bip_R_Index3	J_Bip_R_Middle1	J_Bip_R_Middle2	J_Bip_R_Middle3	J_Bip_R_Ring1	J_Bip_R_Ring2	J_Bip_R_Ring3	J_Bip_R_Little1	J_Bip_R_Little2	J_Bip_R_Little3	J_Bip_L_UpperLeg	J_Bip_L_LowerLeg	J_Bip_L_Foot	J_Bip_L_ToeBase	J_Bip_R_UpperLeg	J_Bip_R_LowerLeg	J_Bip_R_Foot	J_Bip_R_ToeBase	Root, Hips, J_Sec_L_SkirtSide1, J_Sec_L_SkirtSide2, J_Sec_L_SkirtSide2_end, J_Sec_R_SkirtSide1, J_Sec_R_SkirtSide2, J_Sec_R_SkirtSide2_end, Spine, Chest, UpperChest, J_Sec_L_Bust1, J_Sec_L_Bust2, J_Sec_R_Bust1, J_Sec_R_Bust2, Neck, Head, J_Adj_L_FaceEyeSet, LeftEye, J_Adj_R_FaceEyeSet, RightEye, HairJoint-ed37df65-2b0f-435c-9aa8-ab3bd10865b2, HairJoint-6d0c2cac-5769-45c3-89ad-d854770aac45, HairJoint-aa0f348e-75f0-4dd4-b046-48cb50076551, HairJoint-7efd2d9a-a1cc-4e6a-b4b6-f2bd0486c524, HairJoint-d1fffad9-cf3c-4520-aa73-986bfbd39337, HairJoint-1ac84d5d-d0eb-499c-bf4c-020d66f3c965, HairJoint-3ab928ae-ca8b-4248-ab10-d13a71c03d08, HairJoint-6e628ec2-e458-47bb-9e1e-5942eaad2531, HairJoint-aaca3282-0f30-4b5f-aaa2-9ae4fbcafb61, HairJoint-4dc19eeb-3594-4dee-94e3-31198077d550, HairJoint-8b27d354-f89f-409e-af11-2c5736fefde8, HairJoint-07d633dc-e8c7-44b8-a75b-463169b6ef31, HairJoint-5d74cd56-222d-4880-8015-e90bc7e19a26, HairJoint-ab0ca3a7-91ec-4f2d-9029-a5fa6d37d382, HairJoint-f5678709-c8ac-41f5-a9c7-48dd675431bf, HairJoint-b8a728d5-5521-407d-903a-397d29980973, HairJoint-9cc6aff6-0817-4a7e-a683-f91ac8495c77, HairJoint-c3e75395-845f-4db3-aa45-cc252b05b6ac, HairJoint-92e1b5a1-20bb-41a9-9fab-a5db0cef08bd, HairJoint-334babcf-637b-42c6-bd7b-c0de987220ea, HairJoint-f0679464-1df5-4c7c-98a1-b317473224d3, HairJoint-5b1ffcb3-ab13-44ae-86af-c1971feefaed, HairJoint-b64a06ca-6531-4c53-82b7-fb99d1222291, HairJoint-100359fc-d7f3-4bc5-a471-2072b5eb7dc5, HairJoint-7ef1e18e-6536-4ddb-8f2e-4622d4b8c6b3, HairJoint-8327c139-6221-4632-b0cb-96dfdcb57ec4, HairJoint-2696ec1f-d069-4106-b756-d0b00a52fe15, HairJoint-2ddaa4c7-75e8-4a96-8f1b-19f03c2b3aa0, HairJoint-d9dd5d23-a527-4682-a441-a59baf7fcf02, HairJoint-7e3d947c-cc8a-4f8d-8bff-80d5cfbf4f81, HairJoint-3de0fb0f-b609-428f-b7de-63604770d24e, HairJoint-04adf603-1cef-4c3e-a372-14a9e37d57a8, HairJoint-55466587-e391-4448-81b7-dd893b6734b9, HairJoint-c2b53078-97cf-4b88-bec4-9f0be429418b, HairJoint-d0652d56-c218-42d1-9bd8-e0c66b1c9043, HairJoint-cb933850-6bae-45ae-b961-a80f2fae9dc1, HairJoint-1c593a8b-1a0d-4edd-935c-d1b0be3bcc41, HairJoint-66ef0288-5508-47e3-adaf-40ac140e2391, HairJoint-c6de2af2-c1c1-40e5-a88e-cc34f762f7b0, HairJoint-f90c3ab5-7d2f-4100-affd-210da19fd5cd, HairJoint-6f92465f-709f-495d-8555-1323ec4b54ac, HairJoint-0bf331d2-93af-4147-87bc-273f7405d2c2, HairJoint-ab51198d-f9ea-4001-8107-94b66e98908c, HairJoint-6711178e-9af5-4143-875c-991783d8e359, LeftShoulder, LeftUpperArm, LeftLowerArm, J_Sec_L_LowerSleeve, J_Sec_L_LowerSleeve_end, J_Sec_L_TipSleeve, J_Sec_L_TipSleeve_end, LeftHand, LeftIndexProximal, LeftIndexIntermediate, LeftIndexDistal, J_Bip_L_Index3_end, LeftLittleProximal, LeftLittleIntermediate, LeftLittleDistal, J_Bip_L_Little3_end, LeftMiddleProximal, LeftMiddleIntermediate, LeftMiddleDistal, J_Bip_L_Middle3_end, LeftRingProximal, LeftRingIntermediate, LeftRingDistal, J_Bip_L_Ring3_end, LeftThumbMetacarpal, LeftThumbProximal, LeftThumbDistal, J_Bip_L_Thumb3_end, RightShoulder, RightUpperArm, RightLowerArm, J_Sec_R_LowerSleeve, J_Sec_R_LowerSleeve_end, J_Sec_R_TipSleeve, J_Sec_R_TipSleeve_end, RightHand, RightIndexProximal, RightIndexIntermediate, RightIndexDistal, J_Bip_R_Index3_end, RightLittleProximal, RightLittleIntermediate, RightLittleDistal, J_Bip_R_Little3_end, RightMiddleProximal, RightMiddleIntermediate, RightMiddleDistal, J_Bip_R_Middle3_end, RightRingProximal, RightRingIntermediate, RightRingDistal, J_Bip_R_Ring3_end, RightThumbMetacarpal, RightThumbProximal, RightThumbDistal, J_Bip_R_Thumb3_end, LeftUpperLeg, J_Sec_L_SkirtBack1, J_Sec_L_SkirtBack2, J_Sec_L_SkirtBack2_end, J_Sec_L_SkirtFront1, J_Sec_L_SkirtFront2, J_Sec_L_SkirtFront2_end, LeftLowerLeg, LeftFoot, LeftToes, J_Bip_L_ToeBase_end, RightUpperLeg, J_Sec_R_SkirtBack1, J_Sec_R_SkirtBack2, J_Sec_R_SkirtBack2_end, J_Sec_R_SkirtFront1, J_Sec_R_SkirtFront2, J_Sec_R_SkirtFront2_end, RightLowerLeg, RightFoot, RightToes, J_Bip_R_ToeBase_end
PROFILE_BONE_UNKNOWN	Hips	Spine	Chest	PROFILE_BONE_UNKNOWN	Neck	Head	LeftEye	RightEye	PROFILE_BONE_UNKNOWN	LeftShoulder	LeftArm	LeftForeArm	LeftHand	LeftHandThumb1	LeftHandThumb2	LeftHandThumb3	LeftHandIndex1	LeftHandIndex2	LeftHandIndex3	LeftHandMiddle1	LeftHandMiddle2	LeftHandMiddle3	LeftHandRing1	LeftHandRing2	LeftHandRing3	LeftHandPinky1	LeftHandPinky2	LeftHandPinky3	RightShoulder	RightArm	RightForeArm	RightHand	RightHandThumb1	RightHandThumb2	RightHandThumb3	RightHandIndex1	RightHandIndex2	RightHandIndex3	RightHandMiddle1	RightHandMiddle2	RightHandMiddle3	RightHandRing1	RightHandRing2	RightHandRing3	RightHandPinky1	RightHandPinky2	RightHandPinky3	LeftUpLeg	LeftLeg	LeftFoot	LeftToe	RightUpLeg	RightLeg	RightFoot	RightToe	Hips, LeftSkirt02, LeftSkirt02_end, LeftSkirt03, LeftSkirt03_end, LeftUpperLeg, LeftLowerLeg, LeftFoot, LeftToes, LeftToe_end, LeftSkirt01, LeftSkirt01_end, RightSkirt02, RightSkirt02_end, RightSkirt03, RightSkirt03_end, RightUpperLeg, RightLowerLeg, RightFoot, RightToes, RightToe_end, RightSkirt01, RightSkirt01_end, Spine, Chest, LeftBust, LeftBust_end, LeftShoulder, LeftUpperArm, LeftLowerArm, LeftHand, LeftIndexProximal, LeftIndexIntermediate, LeftIndexDistal, LeftHandIndex3_end, LeftMiddleProximal, LeftMiddleIntermediate, LeftMiddleDistal, LeftHandMiddle3_end, LeftLittleProximal, LeftLittleIntermediate, LeftLittleDistal, LeftHandPinky3_end, LeftRingProximal, LeftRingIntermediate, LeftRingDistal, LeftHandRing3_end, LeftThumbMetacarpal, LeftThumbProximal, LeftThumbDistal, LeftHandThumb3_end, Neck, Head, HairBack1, HairBack2, HairBack3, HairBack3_end, HairBangs_L, HairBangs_L_end, HairBangs_R, HairBangs_R_end, HairSide1_L, HairSide2_L, HairSide3_L, HairSide3_L_end, HairSide1_R, HairSide2_R, HairSide3_R, HairSide3_R_end, LeftEye, LeftEye_end, RightEye, RightEye_end, tongue01, tongue02, tongue03, tongue03_end, RightBust, RightBust_end, RightShoulder, RightUpperArm, RightLowerArm, RightHand, RightIndexProximal, RightIndexIntermediate, RightIndexDistal, RightHandIndex3_end, RightMiddleProximal, RightMiddleIntermediate, RightMiddleDistal, RightHandMiddle3_end, RightLittleProximal, RightLittleIntermediate, RightLittleDistal, RightHandPinky3_end, RightRingProximal, RightRingIntermediate, RightRingDistal, RightHandRing3_end, RightThumbMetacarpal, RightThumbProximal, RightThumbDistal, RightHandThumb3_end
PROFILE_BONE_UNKNOWN	Hips	Spine	Chest	PROFILE_BONE_UNKNOWN	Neck	Head	Eye.L	Eye.R	PROFILE_BONE_UNKNOWN	LeftShoulder	LeftArm	LeftForeArm	LeftHand	LeftHandThumb1	LeftHandThumb2	LeftHandThumb3	LeftHandIndex1	LeftHandIndex2	LeftHandIndex3	LeftHandMiddle1	LeftHandMiddle2	LeftHandMiddle3	LeftHandRing1	LeftHandRing2	LeftHandRing3	LeftHandPinky1	LeftHandPinky2	LeftHandPinky3	RightShoulder	RightArm	RightForeArm	RightHand	RightHandThumb1	RightHandThumb2	RightHandThumb3	RightHandIndex1	RightHandIndex2	RightHandIndex3	RightHandMiddle1	RightHandMiddle2	RightHandMiddle3	RightHandRing1	RightHandRing2	RightHandRing3	RightHandPinky1	RightHandPinky2	RightHandPinky3	LeftUpLeg	LeftLeg	LeftFoot	LeftToe	RightUpLeg	RightLeg	RightFoot	RightToe	Hips, LeftSkirt02, LeftSkirt03, LeftUpperLeg, LeftLowerLeg, LeftFoot, LeftToes, LeftSkirt01, ribbon04_L, ribbon04_R, RightSkirt02, RightSkirt03, RightUpperLeg, RightLowerLeg, RightFoot, RightToes, RightSkirt01, Spine, Chest, LeftBust, LeftShoulder, LeftUpperArm, LeftLowerArm, LeftHand, LeftIndexProximal, LeftIndexIntermediate, LeftIndexDistal, LeftMiddleProximal, LeftMiddleIntermediate, LeftMiddleDistal, LeftLittleProximal, LeftLittleIntermediate, LeftLittleDistal, LeftRingProximal, LeftRingIntermediate, LeftRingDistal, LeftThumbMetacarpal, LeftThumbProximal, LeftThumbDistal, LeftLowerArmTwist01, LeftLowerArmTwist02, ribbon03_L, Neck, Head, LeftEye, RightEye, hair01_L, hair01_R, hair02_L, hair02_R, hair03_L, hair03_R, ribbon02_L, ribbon02_R, Tongue01, Tongue02, Tongue03, RightBust, RightShoulder, RightUpperArm, ribbon03_R, RightLowerArm, RightHand, RightIndexProximal, RightIndexIntermediate, RightIndexDistal, RightMiddleProximal, RightMiddleIntermediate, RightMiddleDistal, RightLittleProximal, RightLittleIntermediate, RightLittleDistal, RightRingProximal, RightRingIntermediate, RightRingDistal, RightThumbMetacarpal, RightThumbProximal, RightThumbDistal, RightLowerArmTwist01, RightLowerArmTwist02, ribbon00_L, ribbon00_R, ribbon01_L, ribbon01_R
